_id,writer,rating,contents
658b77e805022c3cd5150d47,재원,2.0,"쟤는 하정우한테 협박범 대응법 좀 배워야겠다. 그놈을 뭐하러 자극하는지, 왜 피신을 안하는지, 범인은 어찌 저리 전지전능한지, 경찰은 왜 늘 뒷북인지. 행동만 있고 당위가 없으니 당최 우유없이 건빵만 때려먹는 기분."
658b77e805022c3cd5150d48,신상훈남,2.5,"이 영화를 재미있게 볼 수 있는 유일한 방법은 바로 주인공에게 ‘극한의 감정이입’을 하는 것이다. 웃기라고 만든 수준의 ‘개연성’과  앉은 즉시 완성시킨 것 같은 각본의 ‘서사’에 초점을 맞추면 답도 없다. ‘이것은 비평의 객체’라는 접근이 아니라, ‘실제 영상 같은 현실감’처럼 끊임없는 주입식 태도로 봐줘야 그래도 ‘꽤 무섭다’, ‘나름 흥미진진했다’ 싶은 감상은 할 수 있다. 물론 그런다고 한숨이 안 쉬어지는 것은 아니다. 정말이지 옆사람의 눈치를 살필 정도로 한숨이 나오는 작품이었다.\n\n박희곤 감독은 아마 ‘시대에 뒤떨어지는 감독‘이란 말을 듣기 싫었기에 이런 장르에 도전한 게 아닐까 싶다. 그의 전작들은 역사극을 비롯해 ‘올드한 분위기’를 구현하고 있는데, 이 작품에선 ‘중고거래’라는 최신 소재에 힘입어 그런 분위기는 일절 느껴지지 않고 구현 또한 매끄럽게 잘 해냈다. 그러나 전체적인 연출은 그의 작품들 중 단연 최악이었으며, ‘그런 이미지를 벗어나고자 과감하게’ 컨셉트를 바꿔봤지만 결과는 처참한 실패였다.\n\n배우진들의 선택도 의아했다. 대본을 보고 분명 마음에 들지 않았겠지만 신혜선은 <자백>  때 맛봤던 ‘원톱’의 쾌감을 욕심냈고, 김성균은 <명당> 때 얻은 박희곤 감독과의 친분을 거절하지 못 했으며, 유명하지 않은 배우들로 이끌어 나가려는 감독의 의도는 좋았지만, 주연 배우들을 제외한 인물들의 연기가 전체적으로 마음에 들지 않았다. 여러모로 미운 구석이 많은 영화였다.\n\n[이 영화의 명장면 📽️]\n\n1. 이이제이\n\n둘 다 마음에 들지 않았다. ‘당사자가 싫다는데’ 꾸역꾸역 집앞에서 꽃사들고 기다리는 태도(심지어 바깥도 아니고 현관문 앞)며, 끝까지 대상을 괴롭히려는 순전한 악의. 그런 둘이 대척점에 서는 짜릿한 구도. ‘도망가는 게 당연한 시점’에서 오히려 쫄지 않고 밀어붙이는 실장의 태도가 인상적이었지만 ‘빈수레가 요란’할 뿐이었다. 이내 신혜선이 집안 CCTV 구조를 깨닫고 그것들을 살펴보다 발견하는 시체의 시퀀스는 순간 소름이 돋을 정도로 공포스럽게 묘사되어 있다. 아마 이 영화의 유일한 ‘괜찮은 장면’일 것이다.\n\n“너 같은 새끼 때문에 내가 스토커 취급을 받는 거 아니야.”\n\n2. 카체이싱\n\n또, ‘누구든지 촬영할 수 있는 어렵지 않은 구도’만 난무하다가, 이 카체이싱 장면은 꽤나 박진감 있게 그려져 있다. ‘이 장면 왜 잘 찍었냐’ 싶을 정도로 숏 사이의 간격이 간결하며, 그래픽은 좀 아쉬운 감이 있지만 편집도 적절히 서스펜스가 넘쳤다. 앞서 잔잔했던 흐름과는 달리 ‘액션영화 못지 않는’, 심지어는 박희곤 감독에게 있어서는 ‘최초의 시도’가 성공적으로 마무리된 것 같아 그 부분은 마음에 들었다.\n\n“오래 안 걸릴 거야. 내가 금방 찾아갈게. 알았지.”\n\n공교롭게도 이따 당근 거래가 있다\n\n그 약속이 이 영화를 더 재미있게 만들어주었다\n\n그뿐이다"
658b77e805022c3cd5150d49,JY,2.5,'에라 모르겠다~!'는 식으로\n그집에 기어코 다시 들어가는\n주인공을 보며\n\n'그래! 나도 모르겠다~'며\n함께 빠져들 무던함이 있다면\n\n중반까지 나름 재밌게 볼 수 있다
658b77e805022c3cd5150d4a,남기윤,2.5,스포일러가 있어요!! 보기
658b77e805022c3cd5150d4b,겨울비,2.0,신선한 소재를 따라가지 못하는 진부한 전개\n\n+ 특히나 실망스러운건 경찰을 다루는 방식
658b77e805022c3cd5150d4c,황재윤,2.0,솔깃한 소재의 작동 방식이 초반에만 반짝.📱🚪
658b77e805022c3cd5150d4d,이호윤,2.0,피학이 목적인 영화.
658b77e805022c3cd5150d4e,5jp,2.0,부지런히 돈 벌어서 새거 사자!
658b77e805022c3cd5150d4f,수진,2.5,"정말 나만 알 것 같아?\n-\n인테리어 회사의 팀장으로 일하고 있는 수현은 현장을 확인하다가 배수구가 잘못되었다고 지적하다 인부들과 실랑이를 벌이게 된다. 회사에서는 상사인 김 실장으로부터 팀장을 시켜줬는데 일 처리를 이렇게 하면 어떡하냐는 꾸지람을 듣고, 수현은 요새 계속 짜증 내시는 것 같고 왜 사적인 대화처럼 말씀하시냐고 맞받아친다. 동료인 달자는 그런 수현을 위로하고, 수현은 달자에게 이사를 막 왔는데 하필 세탁기가 고장 났다고 토로한다. 비싼 수리비 얘기에 달자는 중고거래를 하는 것은 어떻겠냐고 물어보고, 수현은 중고거래 사이트를 뒤져보기로 결심한다.\n\n최근까지도 열기가 뜨거운 중고 거래를 소재로 한 스릴러 영화다. 범죄자의 사기 행각과 피해자의 맞대응 절차가 생활적으로 자연스럽게 흐르는 점이 특징인데, 재밌는 것은 단순히 범죄자가 중고거래 중에 피해자에게 끔찍한 범행을 저지르는 것이 아니라 범행 이후에 피해자가 맞대응하는 과정 속에 더 끔찍한 범행에 가까워지는 흐름을 택한 것이다. 그 중심에 주인공 수현과 그녀에게 호감을 가진 김 실장과의 관계를 자연스럽게 녹여낸 점도 좋으며, 후반부에 벌어지는 레이싱 장면 또한 그 존재감이 확실히 느껴진다.\n\n그러나 경찰의 움직임을 답답하고 무능하게 다루는 점과 더불어 범죄자의 능력을 다소 데우스 엑스 마키나적으로 활용하는 점이 흥미를 떨어트리고, 점프 스케어를 지나치게 자주 사용하는 점이 영화를 따분하게 만든다. 또한 중요 인물들을 제대로 활용하지 못한다는 인상도 짙은데, 러닝타임을 줄이기 위해 편집을 하는 와중에 많은 부분이 잘려나갔기 때문은 아닐까 하는 생각도 든다. 주인공을 맡은 신혜선과 함께 범죄자를 맡은 배우의 연기가 압권이며 하드보일드에 가깝게 강렬한 힘을 펼치는 장면들이 있기에 살짝 더 아쉬운 영화라고 생각된다."
658b77e805022c3cd5150d50,윤제아빠,1.5,오~~~~~\n우...........\n야!!!!!!!!\n.\n.\n#시대를따르려다가해결은구시대적\n#서치가그렇게만만한영화가아니지\n#롤러코스터가좀심하신감독님필모
658b77e805022c3cd5150d51,Steve,2.5,스마트폰도 잃어버리면 안되고\n중고거래도 위험하고\nSNS의 개인정보도 자제해야하고\n어려운 세상이네요
658b77e805022c3cd5150d52,BIGMAC_bro,2.5,"소재는 참 좋았는데 연출이 어설픈…\n\n개인적으론 큰 의미 없이 등장하는 시티샷을\n좋아하지 않는데 여기서 좀 많이 나옴.\n\n뭔 남산타워 까지 줌아웃 하면서 보여주는지-\n\n여러사람들이 이용하는 중고거래의 모습을 보여주려다\n보니 이런 연출이 나오는 것 같은데, 올드하다.\n\n거기에 대사가 배우들의 연기를 깎아먹는 느낌이\n들 정도로 어색하고, 씬 연결도 자연스럽지가 않음.\n\n전체적으로 출연 배우들에 비해 영화 자체의 폼이\n작은 느낌이라고 해야되나…\n\n물론 신혜선의 열연과 후반부의 액션씬 등이\n위안이 되긴하지만 그 뿐인."
658b77e805022c3cd5150d53,뚱이에요,1.5,모든게 뒤쳐지고 소재만 앞서갔을때.
658b77e805022c3cd5150d54,martie,3.5,귀신나오는것보다 무서웠던 현실적 공포영화\n범인이 누군지 모르는 상황일때  완전 쫄아서 봤다\n후반부에 얼굴 나타나는 순간 긴장감은 소멸되었지만 몸싸움하다가 날라가는 장면보고 또 식겁 ..\n겁쟁이한테는 깜놀장면이 몇 개 있다
658b77e805022c3cd5150d55,인생은 한편의 영화,4.0,생각지도 못한 보석의 발견\n강추
658b77e805022c3cd5150d56,RAW,3.0,갉아먹히다.\n3.2/5점\n\n이게 15세 이용가라고?
658b77e805022c3cd5150d57,감성적인너구리,1.5,"연출, 각본, 음향 삼박자의 총체적 난국."
658b77e805022c3cd5150d58,핑크맨,2.0,처참히 실패한 <서치>
658b77e805022c3cd5150d59,유권민,3.0,소재에 대한 만족감이 높았다.\n현실과 맞닿아 있는 공포가 주는 몰입감은 대단하다.\n신혜선의 연기는 언제나 안정적.
658b77e805022c3cd5150d5a,괴무리,2.5,이 영화를 당근이 싫어할거 같다
658b77e805022c3cd5150d5b,Gooson,2.5,이야기의 타겟은 재미가 아니었다.
658b77e805022c3cd5150d5c,류지훈,1.5,대충 만든 스토리는 무서운 장면보다도 공포스럽다.
658b77e805022c3cd5150d5d,주방장의 잡기술,3.0,편리한 방법으로 이야기를 쌓고 풀지만 그 고유 장르의 매력도 안 느껴진다.
658b77e805022c3cd5150d5e,세훈,2.0,"스마트폰을 잃어버린 것 뿐이고, 중고거래를 했을 뿐이지만. 또 뭐."
658b77e805022c3cd5150d5f,Sz,3.0,스포일러가 있어요!! 보기
658b77e805022c3cd5150d60,Fridaythe13th,1.5,그럴듯한 소재로 만든 그럴리가 없는 이야기
658b77e805022c3cd5150d61,WIKIKILL,2.5,"현실적 소재를 적절히 이용하려 하지 않고, 불쾌한 방식으로 전시하려 한다."
658b77e905022c3cd5150d62,이준서,2.0,자극에 자극을 더한 엉터리 범죄 소설.
658b77e905022c3cd5150d63,민트초코❤️,3.0,뻔한 전개가 종합선물세트 마냥 나오지만 시간은 빨리 가는 신기한 영화...
658b77e905022c3cd5150d64,차칸수니리,1.5,신혜선 이주영 미모가 영화의 장점이다. 실장님의 마지막이 가장 기억에 남는다.
658b77e905022c3cd5150d65,조항빈,2.5,"'타겟'은 중고거래 사기를 당하게 된 주인공이 무서운 판매자의 추적을 받게 되는 스릴러 영화다. 신혜선 배우가 열연을 하며 공포감과 긴장감을 조성하는 영화지만, 결국 개연성이 떨어지는 전개로 몰입감을 상실하게 된다.\n\n요즘엔 너무나도 흔한 중고거래지만, 사기 뿐만 아니라 개인정보까지도 자칫하면 노출될 수 있는 위험성도 있는 행위이기도 하다. 거의 공익광고와도 같은 순간들도 있을만큼 영화는 그런 점들을 꾸준히 알리며, 극단적이고 무시무시한 방식으로 중고거래가 악몽이 되는 시나리오를 펼친다. 범인이 주인공을 사이버 스토킹을 하는 전개는 현실성은 몰라도 몰입감은 꽤 있으며, 주도면밀하면서도 변태적인 빌런을 잘 구축해가며, 이에 당할 수 밖에 없는 주인공에 대한 21세기식 주거침입 스릴러를 연출한다. 하지만 결국 이 모든 것을 매듭지어야하는 후반부로 가면서는 스릴러로서의 치밀함이나 개연성이 급격히 무너지기 시작하며, 범인만 그나마 똑똑해보이고 나머지는 다 멍청하게 느껴지는 이야기로 흘러간다. 중고거래의 위험성을 전파하고 싶었다면 나름 무난하게 볼 수 있는 공익광고이긴 하지만, 장르적 재미는 초중반부 이후로는 많이 사그러드는 뒷심이 부족한 스릴러다."
658b77e905022c3cd5150d66,임중경,1.5,장르적인 장면이 정말 단 순간도 없다
658b77e905022c3cd5150d67,890,3.0,디지털 디톡스 마렵게 하는 또 한 편의 양산형 스릴러... 이제는 좀 물릴 때도 됐지 않은가의 문제
658b77e905022c3cd5150d68,이승희,2.5,스릴감 있는 초반부의 텐션을 끌어올리지 못한 후반부의 부족함
658b77e905022c3cd5150d69,혜 성,2.0,중고거래를 했을 뿐인데.\n\nCGV 울산삼산
658b77e905022c3cd5150d6a,이상현,2.5,온전히 즐기기엔 너무도 흔한 상황들과\n이해가 잘 되지 않는 인물들의 대처 방식.
658b77e905022c3cd5150d6b,지수_evol,2.5,"디지털 범죄의 현실성이 얼마나 커다란 공포인지를 보여주긴 하나, 극의 전개가 낡은 중고품 같으니."
658b77e905022c3cd5150d6c,Mean Han,2.0,게으른 관찰력이 영화에 미치는 거의 모든 악영향
658b77e905022c3cd5150d6d,주간영화 Hayden,3.0,왜? '수현'은 침입의 흔적이 넘쳐 나는 집에 있으려고 하는 것일까?
658b77e905022c3cd5150d6e,해리케인,2.0,여기 사람들이 안좋아할 전개만 모은듯
658b77e905022c3cd5150d6f,Theo,1.0,스포일러가 있어요!! 보기
658b77e905022c3cd5150d70,이공사육,2.5,"영화 초반에는 뭐 먹으면서 보지마세요\n입맛떨어지게 하는 장면 3번 있어요 ..\n피해, 피해, 피해의 연속인 러닝타임 내내 스트레스.\n그걸 체험하는게 이 영화의 주목적이라 제작의도대로는 잘 만들어짐.\n그럼에도 마지막 한끝이 더 필요했는데, 그 고민은 부족했던듯 함.\n한 입 남은 식사 급하게 끝낸 느낌이라\n배는 부른데 찝찝함이 남는다."
658b77e905022c3cd5150d71,정리함,2.5,통찰력 없이 캐치한 소재로만 기획한 영화는 절대로 좋은 영화가 될 수 없다.
658b77e905022c3cd5150d72,개구리개,2.0,당근마켓의 몇백억 적자에 어느정도 기여를 해보자
658b77e905022c3cd5150d73,jynnie,2.5,"중고거래 세탁기 사기 당한 감독이 분노해서 만든 영화라는게 학계의 정설.\n\n인물하나, 작은 사물하나라도 관객도 같이 의심하게 만드는 연출이 스릴러를 잘 이해하는 감독이라는 생각이 들었다가,\n\n시종일관 우위에 있는 것 처럼\n잘 만들어간 범인인데,\n그에 반해 누군지 밝혀지는 과정은\n너무 간편했고, 잡는 과정은\n지능적 스릴러였던 영화대비\n'끝까지 간다'같은 액션마무리라서\n많이 아쉽다.\n\n무엇보다 맘만 먹으면 본인은\n완벽하게 안들키고 상대를\n정신적으로든 육체적으로든 금전으로든\n탈탈 털 수 있는 범인이 아무리 사이코패스기질이 있어도\n저렇게 잡힐 위험까지 감수하고\n'주유소 습격사건' 무대뽀처럼\n한놈만 집요하게 패는 것이\n납득하기가 쉽지 않았다.\n\n타겟이라는 제목도 범인의 관점이기에\n시종일관 맘 붙일 곳 없이 주인공을 몰아 붙이는 연출과 맞물려서 매정한(?) 제목이 아닌가 하는 생각도 들었다."
658b77e905022c3cd5150d74,Move,2.0,피로도가 굉장히 높다. 스릴러가 극으로만 치닫는다고 스릴러 영화가 아니다. 적당히 쳐내야 함
658b77e905022c3cd5150d75,이정우,2.0,대한민국이 중고거래를 중심으로 돌아가는듯한 오프닝만 봐도 현실성을 살리려 했다는 감독의 주장에 몸서리쳐진다.
658b77e905022c3cd5150d76,sj,2.0,혹시 당근사기 당하고 영화를 만드신 겁니까?
658b77e905022c3cd5150d77,이송원,4.5,기대이상의 재미다. 솔직히 이렇게 재밌을줄은 몰랐다. 배우들의 탄탄한연기 끝까지 긴장감을 놓을수없는 멋진영화였다.
658b77e905022c3cd5150d78,지극히 개인적인.,3.0,후반부 밑도 끝도 없는 전개에 당황스러웠다.
658b77e905022c3cd5150d79,임돌선,2.0,충분히 무서운 이야기이고 경각심을 가져야 할 소재다. 다만 이를 어떻게 다룰지에 대한 고민이 부족해보인다. 쓸데 없이 사람은 죽어나가고 부서지는 사물은 너무 많다. 이건 매우 중요한 이야기이고 심각한 일이란 것을 목청껏 소리치는데 심드렁해진다. 억지로 이야기를 이어가는 느낌. 그래서 어떻게 살아가야 하나요.
658b77e905022c3cd5150d7a,소금,1.0,당근마켓을 떨어뜨렸을 뿐인데
658b77e905022c3cd5150d7b,싱요미,2.0,촌스럽고 올드한 스릴러. 한 7년전에 봤으면 좋았을지도.
658b77e905022c3cd5150d7c,포녹,3.0,장르적 서스페스만 믿는 안일함.
658b77e905022c3cd5150d7d,붉은 돼지,3.0,"1. 올드한 연출 현실적 플롯\n2. 물건 확인 후, 공공장소에서만 당근 하는 걸로"
658b77e905022c3cd5150d7e,민:드레,2.5,불특정인에게 표적이 되는 시대에서 마주하는 공포.
658b77e905022c3cd5150d7f,도비,2.0,"1. 보안이 뚫린 집에 수현이 아무렇지 않게 지내는 모습에서 감독이 얼마나 캐릭터의 심리를 이해하지 못하고 대충 그려냈는지 알 수 있다. 적어도 열쇠 수리공이라도 불러 추가로 잠금장치를 달아두는 장면이라도 있었어야…\n\n2. 살인범의 동기를 도무지 알 수가 없다. 이미 음지에서 해킹으로 돈을 벌만큼 벌 수 있는 사람이 어떤 돌발 변수가 있을지 모르는 사람을 타겟으로 살인하려는 리스크를 왜 감당하려 하는 것인지 모르겠다. 해킹할 머리는 있지만 정작 자취방 거주자에게서 얻어낼 수 있는 손익은 따지지 못하는 게 모순적.\n\n3. 쓸데없이 많이 죽이고 관객을 절망으로 몰아붙이려고 애를 쓰지만 그럴수록 반감만 생긴다.\n\n4. 어째뜬 심장이 쫄깃하단 소리라도 들어보려고 사운드 연출로 애쓰지만, 그것도 캐릭터의 심리가 납득이 될 때나 의미 있는 연출이다. 여자 캐릭터가 이해되지 않는 시점에서부턴 잡음으로 추락해버렸다.\n\n5. 어떻게든 캐릭터들을 움직이게 하려고 애쓴 덕분에 서사의 당위성은 개나 줘버린… 귀신의 집도 이 영화보단 더 개연성 있을 듯. 배우들이 아깝다.\n\n결론 : 고구마도 이 영화보다는 꿀떡꿀떡 넘어갈 것이다."
658b77e905022c3cd5150d80,LeeCh,2.5,"전반전: 가끔 초점이 흐려지는 느낌도 들지만 꽤나 쫄깃하게 짜여진 현실 밀착 스릴러\n후반전: 장르의 관습에 매몰되어, 작위적이다 못해 강박까지 느껴질만큼 멍청한 전개"
658b77e905022c3cd5150d81,이준호,2.5,후반부를 제외하고는 잘 이끌어가는 긴장감.\n.\n.\n.\n.\n.\n.\n+ (후반부 제외) 밀도 높은 긴장감\n+ .. 카체이싱\n+ 바보같지 않은 주인공\n- 개연성까지 따진다면\n- 후반부
658b77ea05022c3cd5150d82,이재찬,1.5,카스 17년산 만들 일 있냐
658b77ea05022c3cd5150d83,DK,,[23.08.30. 개봉]\n+ 초기제목은 ‘오픈 더 도어‘
658b77ea05022c3cd5150d84,깐설탕,2.0,"주인공은 바보인데, 범인은 황당할 만큼 전지전능하다. 위기를 만드는 방법 중에서 최악."
658b77ea05022c3cd5150d85,TK Lee,4.0,나 오늘 당근 했는데. 무섭다.
658b77ea05022c3cd5150d86,Niknik,2.5,남이 쓰던 제픔을 중고로 구매해서 써도 큰 불만이 없는 성향이라 이미 쓰던 연출을 다시 재구성해서 봐도 별 불만이 없는 사람이라면 시간 때우기용으로 그럭저럭.
658b77ea05022c3cd5150d87,방쌤,3.0,"극장을 나서자마자 스마트폰을 꺼내 ""당근 마켓"" 앱을 삭제했다..ㅋㅋ"
658b77ea05022c3cd5150d88,임판호,3.0,틀에 박힌 공식에서도 제몫의 배를 해내는 신혜선이란 배우의 진가.
658b77ea05022c3cd5150d89,안톤쉬거,1.5,왜 저렇게까지 해야 하는지에 대한 의문이 영화를 다 보고 난 후에도 모르겠음. 그리고 긴장감 느껴지는 장면마다 소리를 너무 키우는데 귀 따가움…;
658b77ea05022c3cd5150d8a,udoong,2.0,‘대충 이럴 것 같아’를 예상하고 만든 시나리오.
658b77ea05022c3cd5150d8b,짱유나,2.0,집좀 들어가지마..
658b77ea05022c3cd5150d8c,오늘언니,2.5,간만에 이렇게까지 공포를 느껴본적이 있나 싶을 정도로 무섭고 끔찍했음..
658b77ea05022c3cd5150d8d,N/A,2.0,혼자 사는 여성분들은 보면 PTSD각 ㅠ
658b77ea05022c3cd5150d8e,Breeze,3.0,나~ 당근하는데 ;;;
658b77ea05022c3cd5150d8f,유지철,2.5,여주의 연기력 말고는 딱히.
658b77ea05022c3cd5150d90,최진홍,3.5,혼자 사는 여성들이 그 어느 곳에서도 안전하다고 느낄 수 없는 현실 그 자체가 공포다. #메가박스코엑스
658b77ea05022c3cd5150d91,idaein,2.0,갈수록 뻔하고 지지부진한 전개도 그렇고 효과음 또한 너무 시끄럽다.
658b77ea05022c3cd5150d92,삼락,2.0,끝으로 갈수록 인물들이 이해되지 않는 영화
658b77ea05022c3cd5150d93,김용규,2.5,군데군데 구멍 난 개연 속 적당한 긴장감.
658b77ea05022c3cd5150d94,엉망잔칭이요,2.0,흥미진진하게 이끌어 갔던 초중반부에 비해 급격히 힘이빠지는 후반부..킬링타임용으론 괜찮다
658b77ea05022c3cd5150d95,규민,2.0,"장르만을 몰아치며 포기하는 개연성에도 쾌감없는 결말 그리고 이상하리만치 촌스럽게 느껴지는 인물들의 무매력에 관객들을 향한 타겟 실패. (230823 CGV 회원시사회, 그래도 중반까진 괜찮았는데 금새록 나온 부분부터 노잼에 그저 자극적이기만 하다. 그리고 배우들의 캐릭터라이징이나 연기디렉팅이 너무 올드하게 느껴지는 이질감에 후반으로 갈수록 연출도 별로여서 보는 내내 웃음만…)"
658b77ea05022c3cd5150d96,Kim.K.Y,1.5,사람 죽이는 살인범보다..\n대책없이 범인 자극하는 주인공의 승질머리가 더 짜증나서 짜증난다.
658b77ea05022c3cd5150d97,Hoon,2.0,"아오, 범인과의 격투 장면 때매 개빡친다.\n도대체 언제까지 저런 어이 없는 ㅂㅅ같은 스타일을 고집할 것인가."
658b77ea05022c3cd5150d98,라이너스,2.0,"시의성을 고려했다는 가벼운 기획, 얕은 고민으로 쉽게 쓰여진 시나리오, 구색만 맞추는 안일한 연출. (참… 위험하다.)\n-\n‘대충, 적당하게 찍어내면 뭐~ 어느 정도 스코어는 나오지 않겠어?’라는 생각이… 큰! 착각이라고 백번 의심을 해야할텐데… (개봉하지 못한 창고 영화의 대다수가  이렇다면… 암울하겠지요.)"
658b77ea05022c3cd5150d99,이혜원,3.0,"신혜선♥\n강태오♥\nㅡㅡㅡㅡㅡㅡㅡㅡㅡㅡㅡㅡㅡㅡ\n피해자가 너덜너덜해질 때까지 당하기만 하다보니 리듬은 따로 없고 그냥 스릴감 공포감만 반복되어 살짝 고구마이긴 하나\n결국 피해자와 경찰이 공조해 반격하기 때문에 다행이었다.\n그것이 알고 싶다 에서 그런 놈들의 이 수법 들었음.\n사기까지는 아니더라도 싸게 사서 바로 되파는 사람의 덜미는 내가 잡은 적이 있는데\n미친 사람처럼 협박과 악담을 해대는 캐릭터였다. 내 가족까지 저주하며 온 화력을 쏟아붓던데 그런 사람이 더 지능적이고 체력적으로도 한참 우월하면\n이 영화처럼 피해가 커질 수도.\n\n신혜선,강태오는 반가웠으나 영화가 꽤 우울했다."
658b77ea05022c3cd5150d9a,지구별여행가,2.0,개연성도 중고거래로 파셨어요?
658b77ea05022c3cd5150d9b,johnpaulmacqueen,1.5,예상보단 재미난…그래도 재미없는 섭섭한 영화.
658b77ea05022c3cd5150d9c,YongJo,3.0,"언제든 충분히 현실에서 있을 수 있는 이야기. 그래서 공포스럽고, 그래서 비현실적인 영화"
658b77ea05022c3cd5150d9d,장민아,2.5,주연배우 3명만 열일한 영화\n그래도 주인공에게 몰입하면서 보면 긴장감 넘치게 볼 수 있다
658b77ea05022c3cd5150d9e,심슨,3.0,"영화 속 다른 모든 게 현실적이지만, 유일하게 비현실적인 이야기 전개"
658b77ea05022c3cd5150d9f,심준영,보고싶어요,어떤 영화 커뮤니티에서 T는 보지말아야 할 영화라는 평을 들었다. 왓챠피디아에서도 비슷한 평이 있는 거 보니 과몰입 유도 영화인듯하다.
658b77ea05022c3cd5150da0,nono,2.5,"그래도 이것저것 새로운 시도를 했지만 이 작품도 결국 후반부로 가면 갈수록 매년 나오는 흔한 스릴러 영화 A가 되어버린다\n\n스마트폰을 떨어뜨렸을 뿐인데가 생각났지만, 개인적으론 그 작품이 더 나은듯"
658b77ea05022c3cd5150da1,lackee,2.0,우당탕탕 한국형 양산 스릴러
658b77eb05022c3cd5150da2,글동이,2.0,"초기 사건에 별 관심 없는 경찰\n옆에서 위로해주는 단짝 친구(언니)\n수상한척 하지만 별거아닌 주변인물들\n\n중고거래라는 매개체와 배우들만 다르지\n하나같이 어디서 본듯한 연출, 캐릭터, 장면\n\n차라리 타겟을 장미란 같은 캐릭터에게 잘못 잡아 줘 터지기라도 했으면 시원은 했을텐데"
658b77eb05022c3cd5150da3,임수연 기자 봇,2.5,디지털 시대 새로운 종류의 공포를 소재 삼은 영화들이 오히려 신선함을 잃는 딜레마
658b77eb05022c3cd5150da4,좀비,3.5,"8/22 영등포 CGV 시사회\n\n당근에서 실거주지, 실제 번호를 까지 말라고 강조하는 이유.\n\n요즘 같이 미친 사람이 매일 뉴스거리가 되는 흉흉한 때에 더 와닿을만한\n현실 공포가 아닐까 싶다.\n솔직히 요즘 귀신보다 사람이 더 무서운 때는 맞으니까...\n\n김성균 배우님이 경찰 역할이 아니라 악역이었어도\n영화 이웃사람 느낌 나면서 더 쫄렸을지도 모르겠단 생각도 살짝 들었다."
658b77eb05022c3cd5150da5,무비라마,1.0,어디까지 별로일까?하면서 본 영화
658b77eb05022c3cd5150da6,JEYA,3.0,내... 당근하러 가기 무습다..
658b77eb05022c3cd5150da7,장 겨 울,2.5,자극해 볼 용기에 박수를
658b77eb05022c3cd5150da8,조정희 영화평론자,2.5,"타겟\n\n""스마트폰을 떨어뜨렸을 뿐인데"" 에서 본 듯한 내용이지만 소재의 신선도 보다는 스릴러 장르의 본질에 더 충실한 사이버 범죄 스릴러."
658b77eb05022c3cd5150da9,늘하른푸,1.5,또 하나의 뇌절
658b77eb05022c3cd5150daa,Axllow,1.5,중고거래를 자주 하는 입장으로 흥미를 느낄수밖에 없는 스토리지만 모든 상황이 너무 극단적이다. 범인은 도대체 무슨일을 하던놈이길래 대놓고 길거리에서 경찰을 폭행해도 잡히지않고 CCTV에도 안잡히며 살인을해도 단서조차 잡지못한다. 저정도 두뇌와 범죄능력을 가지고있는데 고작하는게 중고거래 사기;; 절대 잡히지 않는수준의 실력이지만 중고거래금액은 소소한편이다. 도로 한복판에서 사람이 죽을정도로 큰사고 났지만 범인은 유유히 거리에서 도망친다. 근데 그걸 진짜로 경찰이 놓치는게 이영화의 하이라이트다. 짧은영화이다 보니 모든상황이 극단적인게 매우 아쉽다. 오히려 드라마로 나와서 차근차근 스토리를 풀어갔으면 좋았을것같다.
658b77eb05022c3cd5150dab,별빠,2.5,"중고거래 사기, 범죄의 확장성, 사생활 침해의 공포, 사회적 이슈의 활용, 프라이버시의 「서치」, 초긴장 스릴을 줄 것인가, 깜놀 반전을 노릴 것인가, 효율적으로 안배 못한 내러티브의 어색한 링크, 개성 없는 스타일로 도식화된 국내 상업영화의 안이해진 안타까운 목표."
658b77eb05022c3cd5150dac,림군이,2.0,활짝 열어놓고 방어 모드.
658b77eb05022c3cd5150dad,BeBe (재미감별사),2.5,무서워서 중고거래하겠나 이거??
658b77eb05022c3cd5150dae,라씨에이,3.5,스포일러가 있어요!! 보기
658b77eb05022c3cd5150daf,최현진,2.0,도어락 비밀번호까지 노출되었음에도 꿋꿋이 집에서 잠을 청하고 범인을 도발하는 주인공의 대담함에 경의를.
658b77eb05022c3cd5150db0,기록지향적생각아카이브,2.5,어떤 관객을 타겟으로 할지 정하지 못했나\n\n'당근마켓을 거래했을 뿐인데'
658b77eb05022c3cd5150db1,Limousine,3.0,소재는 2020년대인데 내용은 2010년대에 머무르는 한국 스릴러의 참상\n\n묘하게 오바스러운....
658b77eb05022c3cd5150db2,ann,1.5,신혜선이 영화 내내 아방방... 함\n스릴러라 도파민이 도는 건지 울화통 터져서 도는 건지 알 수가 없음
658b77eb05022c3cd5150db3,범블러뷰,3.5,아주 현실적인 공포
658b77eb05022c3cd5150db4,박평이정성진동식일베듀냐(ebsi),0.5,Delete
658b77eb05022c3cd5150db5,Seung Cheol Lee,1.5,타카건으로 더 쐈어야 하는데 아쉽다
658b77eb05022c3cd5150db6,미드나잇인파리,2.5,"그게 내가 될 수 있어서, 내가 '타겟'이 될 수도 있어서"
658b77eb05022c3cd5150db7,한서준,2.5,뻔한 클리셰가 많아서 보는이가 마치 예언자가 된거같은 기분을 느낄수있다..\n그래도 갓혜선이니까 .5는 더 주는걸로
658b77eb05022c3cd5150db8,낭만취객,2.5,'중고 거래는 각별히 주의를 해라.'\n현실감 느껴지는 소재\n너무나 상투적인 극의 전개
658b77eb05022c3cd5150db9,므니아,1.5,영화 완성도는 떨어지는데 혼자 사는 여성의 공포에 대해선 잘 다룬 것 같다.
658b77eb05022c3cd5150dba,다영,3.0,제대로 현실공포를 느꼈다.\n하지만 후반부에 쓸데없는 힘이들어감
658b77eb05022c3cd5150dbb,Rustice Lee,1.0,"공감할 수 있는 주제를 던지고, 이입은 포기한다."
658b77eb05022c3cd5150dbc,Joheun Oh,2.5,"애매한 결말,어설픈 떡밥, 혼신의 신혜선."
658b77eb05022c3cd5150dbd,breathtaking!,2.5,신혜선을 좋아하지만\n이 영화는 좋아할 수 없다...
658b77eb05022c3cd5150dbe,박성규,3.0,당근마켓이 이 영화를 싫어합니다.
658b77eb05022c3cd5150dbf,BONG K,0.5,이영화의 타켓이 된 내가 불쌍하다
658b77eb05022c3cd5150dc0,공백꽃,2.5,쫄지 않는 그 자세
658b77eb05022c3cd5150dc1,왕밤빵,1.5,모든게 뻔한 이 거래의 온도는 영하
658b77ec05022c3cd5150dc2,김수지,3.0,충분히 있을만한 일이 되어버린 세상. 나도 모르게 영화관을 빠져나오며 구석에 박힌 화재감지기 센서를 슥 올려다봤다.
658b77ec05022c3cd5150dc3,카고바지,2.5,기시감 만점
658b77ec05022c3cd5150dc4,김석민,2.0,"내용은 참신하나, 현실성있이 만드려 노력했지만, 빈틈 투성이였음.. 몰입이 안될정도로 비현실적인 부분이 많고 착하고 일 열심히하는 경찰처럼 비춰지나, 하는 결과만 보면 무능 덩어리인 존재임. 신혜선의 연기로 영화의 단점이 꽤나 가려지는듯한 느낌."
658b77ec05022c3cd5150dc5,Eedosa,1.0,일을 하는 경찰이 김성균이랑 강태오 뿐인가..?…\n보는 내내 하나부터 열까지 정말 답답한 영화
658b77ec05022c3cd5150dc6,김연웅,2.0,"금강불괴, 전지전능한 빌런과\n당해주고 싶어 안달난 주인공,\n오늘도 내일도 무능한 경찰\n그리고 중반부 쯤 슬쩍 차량 액션\n이젠 좀 지겨울만 하잖아요? 🥲"
658b77ec05022c3cd5150dc7,양기자 (YCU),2.5,"소재는 21세기, 담아내는 그릇은 20세기. 사이버수사대의 증원이 필요한 현실처럼, 상업 영화에도 생겨난 과제."
658b77ec05022c3cd5150dc8,자유로운소년,3.0,스릴러 영화인데 그렇게 많이 무섭거나 잔인한 장면들은 없는 순한(?)편이라서 초심자들이 보기에 괜찮다고 봅니다.\n그리고 약간의 교훈(?)도 주는 영화이기도 해서 중고거래 사기당한 후에 어떻게 해야하는지 지침(?)도 주는 영화이기도 하고...\n아무튼... 배우들 연기가 괜찮아서 그래도 볼만했던 영화였고 매운맛의 스릴러를 보실거라면 비추합니다.
658b77ec05022c3cd5150dc9,김희준,1.5,중고 영화 팝니다.
658b77ec05022c3cd5150dca,최우진,1.0,모든 영화에는 주제가 있기 마련이다.\n\n이 영화를 보고 나면 드는 생각은 “그래서 뭐 어쩌라고?”다.\n\n영화에서 가장 볼만한 부분은 중고 거래 사이트를 이용한 범죄라는 소재를 차용한 것. 그것 말고는 없다.\n\n웬만하면 보지 않는 것을 추천한다.
658b77ec05022c3cd5150dcb,치비우사,3.5,이 영화는 영화가 아니라 다큐다\n보는내내 스트레스 받을만큼 힘들었을 정도
658b77ec05022c3cd5150dcc,권윤,2.0,스마트폰을 떨어뜨렸을 뿐인데\n중고거래 ver.\n공포감 조성만큼은 연기력으로 커버함
658b77ec05022c3cd5150dcd,이학후,2.0,<보이스> 하위호환 버전.
658b77ec05022c3cd5150dce,Keep,,1. 이 악물고 신고하지 않는 인물들\n2. 무슨 짓을 해도 무시하는 경찰들\n3. 최선을 다해 방관하는 주변인들\n\n이정도만 피해가도\n좋은 작품이 나올 수 있음
658b77ec05022c3cd5150dcf,jin,2.0,20년전쯤 봤으면 정말 재밌게 봤겠다. 즐거움이 사라지는 나이에 접어든건가 이 시대에 즐거움이 사라지고 있는건가
658b77ec05022c3cd5150dd0,de,1.5,주인공을 비롯 모든 인물들의 행동이 병신잔치같음
658b77ec05022c3cd5150dd1,재니니,2.5,개연성이 별로면 집중력을 잃게 된다.
658b77ec05022c3cd5150dd2,김수빈,2.5,범죄의 방식은 신박하였다. 그치만 시간이 갈수록 의아한 부분들이 너무 많았다. 주변을 의심하게 만드는 장치는 좋았지만 너무 범인의 능력이 뛰어났다. 특히 경찰까지 가지고 노는 모습도 충격; 주인공도 왜그리 자극하고 도전하는건지 조금 의문. 마지막까지 무기력하게 맞다가 반격하는것도 당황. 여러모로 연출이 부족한 것 같은 영화.\nP.S 좀 더 치밀하게 준비를 했었어야...\n#2023.12.19
658b77ec05022c3cd5150dd3,누렁이개밥,2.5,당근마켓이 이 영화를 싫어합니다
658b77ec05022c3cd5150dd4,EricaLee,3.0,대처와 대응방식이 너무 답답
658b77ec05022c3cd5150dd5,DanB,2.5,중고거래 범죄에 대한 경각심 제고
658b77ec05022c3cd5150dd6,김웅기,2.0,범인의 전지전능함보다 주인공의 얼빠진 행동들이 더 무섭다.
658b77ec05022c3cd5150dd7,credi Tan,2.0,"감독은 대체 뭔 정신으로 연출을 이 따위로 한건가? ㅋㅋ\n\n핍진성이 전혀 없잖아.\n\n사기꾼 놈이 사기만 친 게 아니라, 사람죽여서 살인사건으로 사건 자체가 확대되어서 강력반에서 수사하고 있는 와중에도,\n\n신혜선 집을 제 집 드나들듯 드나들어도 경찰은 잡지를 못함 ㅋㅋ\n\n잠복만 하고 있어도 바로 잡았겠다.\n\n한 두번 가택 침입한 것도 아니고, 그냥 노골적으로 집에 들어오는데 경찰이 아무것도 안 하고 있다는 설정은 너무 어이가 없음."
658b77ec05022c3cd5150dd8,김우식,2.0,억지 스릴
658b77ec05022c3cd5150dd9,김세희,1.5,우리나라 현실공포물은 경찰들이 다 혼자다녀..
658b77ec05022c3cd5150dda,베로니니,2.0,반짝 거렸다가 서서히 공포의힘을 잃어간다.
658b77ec05022c3cd5150ddb,랩퍼 M군,2.0,드라마 스페셜 한편 딱 그정도 스케일 더도 덜도 아니고 딱 그정도.. 범인도 너무 캐스팅미스
658b77ec05022c3cd5150ddc,YBDB,2.5,"초반 나한테도 있을 수 있단 생각에 몰입했지만, 후반부로 갈수록 떨어지는 몰입도. 아마 화물차 사고 이후인 듯.\n\nps. 화물차 치트키 좀 그만 나왔으면."
658b77ec05022c3cd5150ddd,박하사탕,3.0,시종일관 “왜?” “이러고도?” “이런다고?” 를 반복하는 영화 소재 하나만큼은 신선했을지도 ......... 신혜선이 예쁘다
658b77ec05022c3cd5150dde,bangg0,2.0,미친놈은 피하고 멍청하게 살지 말자
658b77ec05022c3cd5150ddf,권순범,2.5,힘겹게 구축한 서스펜스를 폭력적 연출과 난데없는 스케일 액션으로 얼렁뚱땅 해결한다.
658b77ec05022c3cd5150de0,Rabbitgumi,2.0,매끈하게 시작해서 극도로 과하게 마무리 된다.
658b77ec05022c3cd5150de1,임선희,2.0,"탁월하지 못한 선택의 연속, 기어코 타겟이 된다."
658b77ec05022c3cd5150de2,김진휘,2.0,모든 것이 예상된다는 것은 일말의 성의조차 없다는 증거.
658b77ed05022c3cd5150de3,익사잇힝,1.5,개연성은 밥말아먹고 연기디렉팅이 문제인지 전반적으로 연기도 뭔가 붕뜬느낌이었다.\n\n아니 그 연기잘하는 김선규배우가 이리 어색하게 느껴지다니..\n\n그냥 억지로 그러려니 하면서 본다면 그냥 킬링타임정도는 되는듯.\n\n제일황당한게 스토킹을 며칠동안 해온 사람을 안경쓰고 모자하나 썻다고 못알아보는게 말이되나....;
658b77ed05022c3cd5150de4,영화잡식주의,1.5,이게 이렇게까지 가학적으로 그려야 할 필요가 있었나\n-\n영화 등장인물들이 이해되지 않으면 그게 정상임니다\n거기다 90년대 경찰처럼 그려지는 모습도 좀..\n-\n덧. 사운드는 왜그렇게 찢어지는지...
658b77ed05022c3cd5150de5,기력,1.0,당근하지 마라가 주제인 영화... 근데 저 영화 끝나고 당근 있어요... 그나저나 계속계속 집으로 껌딱지처럼 들어가는 주인공이 제일 공포스러웠음 범인보다 그게 더 호러였다 와 대박~
658b77ed05022c3cd5150de6,배성진,2.5,이쯤되면 괴롭힘 당하는거 즐기는 주인공
658b77ed05022c3cd5150de7,낡은호출기,2.5,저정도로 무서운 중고거래 나라면 새거 사고만다
658b77ed05022c3cd5150de8,beegawa,1.0,초중반 까지는 이럴수 있겠다 싶어 몰입되다가\n중반이후부터 주인공과 주변인물들의 행동이 전혀 납득이 가지 않는다.  몇몇 설정을 추가하던가 범인이 더욱더 정교하게 트릭을 꾸미던가 아님 진짜 뭔가 숨겨진 이유가 있던가... 넷플릭스 오리지널로 나왔어도 별 인기 못끌 퀄 리티.. 평작이였던 ‘단지 스마트폰 을 ...’ 에도 한참 못 믿치는 졸작.. 신혜선이 아깝다..
658b77ed05022c3cd5150de9,석재현,2.5,"중고 스릴러 같지만서도 너무나도 리얼하게 숨통 조이는 초중반, 아쉽게 후반부터 느슨해지는 긴장감."
658b77ed05022c3cd5150dea,Trainspot,2.0,"중고거래라는 소재쓰고 싶어서\n수사, 직장 다 어설프게 활용한다.\n이 정도면 공포 조장만 하는거 아닌가.\n230830"
658b77ed05022c3cd5150deb,오보람,2.0,'중고거래를 했을 뿐인데'
658b77ed05022c3cd5150dec,Rebekah,2.0,사실 이렇게 죽어나간 여자가 오조오억명
658b77ed05022c3cd5150ded,미안해요 래리(이성현),2.0,"뭐, 뻔하다.\n영화적 감흥은 없는 전형적인."
658b77ed05022c3cd5150dee,버드,2.5,좋은 소재로 엉망진창.
658b77ed05022c3cd5150def,조현수,0.5,"공감형 소재만 들고 오고, 그 외에는 전부 답이 없다\n\n인과관계와 기승전결과 같은 기초적인 교육도 안 받은 사람들이 예술가라고 유난 떨면서 만든 영화.\n\n기가차서 말도 안나온더"
658b77ed05022c3cd5150df0,진우영,2.5,중반까진 좋았음
658b77ed05022c3cd5150df1,킹글,2.5,231223
658b77ed05022c3cd5150df2,mozza,2.5,야 한국 경찰한테 총 좀 줘라 제발
658b77ed05022c3cd5150df3,Jay,3.0,개연성은 없지맛 긴장감은 있음
658b77ed05022c3cd5150df4,groovie,3.0,"<보이스> 정도의 계몽영화는 아니었다. 오히려 현대사회의 흔한 풍경 속 공포를 파고드려 한 7,80년대 그 시절 (슬래셔없는) 슬래셔 무비류와 같은 맥락 선상에 있는 것 같다"
658b77ed05022c3cd5150df5,inganmee,2.0,장르가 줘야하는 긴장감은 충분히 줬다고 생각한다.
658b77ed05022c3cd5150df6,세리,1.5,스포일러가 있어요!! 보기
658b77ed05022c3cd5150df7,SH,3.0,@넷플릭스(2023.12.16)
658b77ed05022c3cd5150df8,서래바래여래바래,2.0,"답답한 피해자, 무능한 경찰, 전지전능한 범인\n으레 그래왔듯…"
658b77ed05022c3cd5150df9,전유탁,3.0,경고했어 안 했어?
658b77ed05022c3cd5150dfa,김제민,2.0,"그렇게 당하고도 계속 시비를 거는 이유를 0.1도 이해하기 힘들다. 납득이 안 가니 극중 몰입도가 계속 깨어진다. 극중 트라우마를 겪을만한 일을 겪으면서도 사람이 전혀 변하지도, 조심성도 없는 게 이해가 전혀 안 간다. 특히나 초대남들이 그렇게 집 문을 열어제꼈는데도, 범인이 집에 들어올 수 있다는 생각을 못하는 것도 이해 불가.\n극적 장치와 긴장, 소재는 훌륭했으나, 개연성이 이를 모조리 망쳐놨다."
658b77ed05022c3cd5150dfb,젠젠,2.0,스포일러가 있어요!! 보기
658b77ed05022c3cd5150dfc,life is a journey,4.0,영화적으로 범인을 존재자체그 카리스마 넘치는 배우로 했으면 하는 아쉬움이 남음\n내가 살인범이다에 정해균님 같은 카리스마.\nㅡㅡㅡ\n사기꾼 잡기 빡시네.\n살인까지 저지른 놈이라 잡은거지만\n사기만치고 도망다니면 언제잡아
658b77ed05022c3cd5150dfd,Puumpkin,2.5,아ㅠ 당근 해야하는뎅\n231213 넷플릭스
658b77ed05022c3cd5150dfe,그냥J,1.0,소재는 좋았는데요. 예. 그렇습니다.
658b77ed05022c3cd5150dff,강철웅,4.0,"너무나도 현실적인 공포가 느껴져서 소름끼치도록 무서웠다.\n혼자사는 여자는 아니지만, 신혜선의 감정선이 사무치도록 느껴졌고, 중고나라, 당근마켓 거래 다시 한번 생각해보는 계기가 되었다. 중고거래 가성비가 좋고 편리해서 누구나 사용하는건데 그걸 가지고 범죄의 타겟이 될수가 있다니 무서운 세상이다. 불과 얼마전에도 중고거래로 만났던 사람이 피해입었다는 기사를 본 적이 있는데...\n다시 알게된 사실은 2020년 사기집단 '그놈'의 실화를 모티브로 제작되었다니 더더욱 무섭다.\n여튼 신혜선님 연기는 옛날부터 좋아했는데 역시나 잘 하신다.\n거의 신혜선 원톱이라 싶을 정도로 다른 배우들의 존재감이 적다. 김성균 배우님이 그놈을 잡는 형사긴 하지만 말이다.\n현실과 너무 닮아있어서 소름끼치도록 무서운 내용이었다."
658b77ed05022c3cd5150e00,이두한,2.5,난 당근안함
658b77ed05022c3cd5150e01,다크나이트,1.5,"혼자 사는 직장여성의 힘듦과 피해를 전시하는데 온 장면을 소비하고, 노리던 공포와 스릴은 갑갑합과 갸웃거림으로만 남는다. 여성, 직장, 경찰력, 범죄, 시대까지 타겟으로 삼고 건드려 보고 싶었으나 하나로 묶이지 않고 화려한 조명이 감싸는 화면위로 표피만 떠다닌다.\n소재를 선택하고 다루면서 더 신중하고 영리했어야 했을 부분들을 놓치고 그게 쌓이면서 공감도 몰입도 멀어진다.\n실재하는 범죄를 다루기 위해 실재 범죄 이상의 개연성과 연구가 필요하다는 교훈.\n“어쨌든 한번 해 봐야죠!”식 노동의 작심으로 완성한 세련되지 못한 도심 스릴러."
658b77ee05022c3cd5150e02,엔이,2.0,신혜선의 겁먹은 연기가 살벌했다.\n왠지 모르게 지루한 전개\n대충 어떻게 끝나는지만 봄\n\n영화 속에서 일어난 상황들이 진짜 무섭긴 하다.
658b77ee05022c3cd5150e03,혜윤,3.0,한국 사는 20대 여자의 악몽을 싸그리박박 다 비벼서 먹여주는
658b77ee05022c3cd5150e04,위도현,2.0,<도어락>에 이은 자취생 공포물이군. 실제 사건들을 섞어서 짠 것 같은데 후반부가 아쉽다.
658b77ee05022c3cd5150e05,성인,3.5,흥미진진한 소재로 시작되었다가 마지막으로 갈수록 조금은 실망스러웠다.
658b77ee05022c3cd5150e06,Eomky,2.5,연기는 훌륭한데 범죄자 쓰레기를 너무 전지전능하게 묘사하는 게 싫다.\n물론 실제로도 악랄하고 집요해서 피해자들에겐 여전히 그럴테지만.\n여러모로 감정과 이성이 모순된다.
658b77ee05022c3cd5150e07,네모로 배우는 세상,2.5,귀신이나 좀비가 나오는 영화보다 이런 영화가 훨씬 더 무섭다.\n\n빈 아파트 열고 들어갈 때마다 내 심장이 쪼그라 드는 듯...
658b77ee05022c3cd5150e08,이태윤,2.0,너무 많은 것을 너무 뜨겁고 조악하게 눌러 담아 신선한 소재가 타겟을 벗어나 뜨뜻미지근하게 흘러간다.
658b77ee05022c3cd5150e09,신종한,3.0,중고거래가 일상화된 현대에 경각심을 심어준다.\n다만 현실적인 공포감이 판타지처럼 되어버리는 후반부는 아쉽다.
658b77ee05022c3cd5150e0a,콧구멍에500만원들어감,2.5,스포일러가 있어요!! 보기
658b77ee05022c3cd5150e0b,HW,2.5,"중고 거래를 주제로 한 스릴러라는 스토리 전개는 좋았으나,\n끝이 너무 미약함. 후반부로 갈수록 답답한 전개가 아쉬웠음."
658b77ee05022c3cd5150e0c,채고,2.0,현실공포........와 이 영화에 대한... 공포가 공존함 ..😅
658b77ee05022c3cd5150e0d,Apoteosis,2.5,생각보다 나쁘지 않다
658b77ee05022c3cd5150e0e,영화팡,2.5,아무래도 주인공은 살인마보다 스토커를 더 무서워하는 것 같다.\n\n주인공의 이중적인 태도에 어느 한 빌런만을 억지로 무서워 해줘야 하는 영화.
658b77ee05022c3cd5150e0f,조경환,2.0,어떤이는 한국 영화가 뻔한 이야기뿐이라고 떠들어대지.... 뻔함의 한계를 보여줄게
658b77ee05022c3cd5150e10,적설,3.0,[스포일러]\n\n장수현 씨.. 사고 났을 때 머리칼이라도 쥐어뜯든가 혈흔이라도 손에 바르든가 옷자락이라도 찢든가..\n그리고 평소에 특히 무언가를 계획했다면 식칼 아니 호신용품이라도 들고 다니십시오 ㅠ\n왜 이렇게 무방비하게 당하는 겁니까..\n제가 너무 괴로워요
658b77ee05022c3cd5150e11,댕댕,2.0,용두사미
658b77ee05022c3cd5150e12,msh0825,3.5,기대를 안하고 봐서 그런지 생각보다 재밌게 봤다\n뇌 비우고 보기 좋고 혼자 사는지라 몰입되서 영화내내 긴장하면서 봤음\n개연성 이런건 개나줘인데 걍 마음비우고 봐서 그런지 몰입에 방해되는 정도는 아니었음\n완성도는 물음표지만 관객에게 '스릴과 공포를 주겠다'는 하나의 목적에 충실한 영화였고 그 목적이 나에겐 성공적이었음\n딱 킬링타임용으로 좋은 영화
658b77ee05022c3cd5150e13,イチ,2.0,신박한 생활 밀접형 공포이며 경각심을 불러 일으키는건 좋았으나 신박한 소재에 비해 각본이 너무 구시대적이다
658b77ee05022c3cd5150e14,임루피,3.0,쫄보에겐 트라우마가 될듯한 현실 반영 공포
658b77ee05022c3cd5150e15,채니,1.5,마지막 연출을 그렇게까지 해야 되겠니..
658b77ee05022c3cd5150e16,치코리타,3.0,영등포 cgv 무대인사!!!\n실제 평점은 2.8!\n여태까지 당근 거래했던분들 감사합니다
658b77ee05022c3cd5150e17,이현지,2.5,처음에는 스마트폰을 어쩌구랑 똑같아서 당황.. 내용은 ㄱㅊ은데 연출이;;구림
658b77ee05022c3cd5150e18,오씨네,3.5,"이래서 왓챠 평점은 믿을게 못된다.\n혹평과 달리 소재도 좋고 연기도 좋고\n스릴있어 너무나 재미나게 봤다!\n\n""어휴, 안봤으면 어쩔뻔했어.""\n\n""내가 봤자나, 너."""
658b77ee05022c3cd5150e19,무비조이,2.5,신상이 버겁게 느껴질 때 때묻은 중고로 향하는 손길.
658b77ee05022c3cd5150e1a,최대수,1.0,영화 소리가 전체적으로 너무 크다 귀청 떨어질뻔\n소리는 큰데 배우들 말하는건 소리를 먹는느낌이여서 답답하고\n그냥 영화를 떠나서 소리가 너무 커서 불쾌함
658b77ee05022c3cd5150e1b,skywalker,2.5,신선한 소재의 출발점임에도 불구하고 올드한 전개
658b77ee05022c3cd5150e1c,mr.park,2.5,우영우 친구들끼리 왜 싸워..\n이 정도면 블랙코미디  ..
658b77ee05022c3cd5150e1d,쥬밍,2.0,"난 어떤 전개일지 짐작했지만 또 보러 갔다... 전개는 알법해도 소재 자체는 괜찮았다고 생각 🤔\n#Aug 30, 2023\n#LOTTE CINEMA"
658b77ee05022c3cd5150e1e,밖에비온다,2.0,일상 속 언제 터져도 모를 범죄를 스릴러를 통해 보여준 경각심
658b77ee05022c3cd5150e1f,가을하늘,3.0,"🥕이 이렇게 위험합니다, 여러분.\n\n스릴러 장르에 맞게 뻔한 범인은 아니었고,\n(의도된?)여주의 소극적 저항 덕에\n더욱더 쫄깃한 추격,액션 장면이 연출됐다.\n(범인역할 배우분의 악역연기에도 박수를 보낸다)"
658b77ee05022c3cd5150e20,지롱,3.0,"올드 스릴러 맞고, 답답한 연출도 있고 전개도 뻔한 게 사실이긴한데 너무 현실공포라 볼만했다"
658b77ee05022c3cd5150e21,림수피,3.0,충분히 현실적
658b77ee05022c3cd5150e22,박준현,2.5,밍숭맹숭 괴랄 스릴러
658b77ef05022c3cd5150e23,구미,3.0,혼자 사는 여성분들이 보면 너무 현실적인 공포라 많이 무서울듯... 우리 주변에서 실제로 일어날 수 있을법한 공포..
658b77ef05022c3cd5150e24,시묘,2.0,고막찢어진다
658b77ef05022c3cd5150e25,고구마,3.5,스포일러가 있어요!! 보기
658b77ef05022c3cd5150e26,yuan,2.5,전체적으로 퀄리티가 대학 동아리만도 못하지만 현실성 있는 소재를 사용한 점은 좋았다. 하지만 끝으로 갈수록 이게 스릴러인지 좀비물인지 의심이 되고 … 집은 왜 자꾸 들어가시나요… 나라면 경찰서에서 살 것 같은데 … 적어도 회사에서 야근하던지 병원에 입원하던지
658b77ef05022c3cd5150e27,시누이,2.5,2000년대 초반 스릴러영화 같다.
658b77ef05022c3cd5150e28,김기욱,4.0,소재가 소재이니만큼\n불편함을 느낄만한 장면들이 있었지만\n스토리나 배우들의 연기가 마음에 잘 와닿았어여
658b77ef05022c3cd5150e29,0점사격,1.0,드라마 홈런왕의 나쁜 선구완
658b77ef05022c3cd5150e2a,김인수,2.5,현실공포물이다..\n믿을게하나도없엉..\n결말이망했네\n치밀했는데허술해졌어
658b77ef05022c3cd5150e2b,100호,4.0,일상과 겹치는 부분이 많아서 몰입 되는 소재..\n\n살인 빼고 사기라는게 나한테 일어날 일이라고 생각하면 넘나 무서움ㅠ\n\n살인이라는 요소가 너무 억지스러운 느낌도 있는거 같은데 그래도 재밌게 잘 봤다!
658b77ef05022c3cd5150e2c,Kyle,2.5,용두사미
658b77ef05022c3cd5150e2d,구준회,2.5,어휴!!! 사이다 어딨어. 사이다!!
658b77ef05022c3cd5150e2e,모츠나베,3.0,기대안하고봤는데 킬링타임으로 나쁘지않았음\n비슷한장르인 스마트폰을잊어버렸을뿐인데 보다\n이게 더 재밌는거같음
658b77ef05022c3cd5150e2f,아름,3.0,빌런이 너무 강해서 몰입도가 깨짐....\n사람 맞으세요....?
658b77ef05022c3cd5150e30,JK,2.0,아니 보는 내내 너무 개연성도 없고 핍진성도 없어서 짜증이 나네ㅡㅡ 피해자는 왜 자꾸 집으로 돌아가고 형사들은 왜 혼자 돌아다니면서 저따위로 수사를 함?? 그리고 피해자랑 같이 함정수사를 할 거면 무기라도 하나 쥐어주던가 제대로 대비를 하던가 경찰인력 지원요청을 하던가.............
658b77ef05022c3cd5150e31,Moony,3.0,머야. 생각보다 재미있는데?! 서치를 많이 카피했지만 그래도 한국 사회 현상을 잘 연출함. 머 마지막으로 갈수록 역시 한국식인게 흠.
658b77ef05022c3cd5150e32,신입니다만616,3.0,#갑자기 동서울 터미널에서 완도 간다고 7만원 빌려 간 노인네 생각나네...
658b77ef05022c3cd5150e33,DC,3.0,있을법한 사건에 답답한 주인공. 집이 털린거같으면 자꾸\n혼자 쳐 들어가지 말라고 진짜 아
658b77ef05022c3cd5150e34,KunwooShin,2.5,원격 조종 씬은 진부하다 못해 짜증이 난다.
658b77ef05022c3cd5150e35,김성우,0.5,평생 영화를 보면서 관객을 기만하는 유치하고 못만든 영화 탑5안에 듭니다. 농담 아니고 초딩이 만들었나라는 생각만 듭니다. 어마어마한 개연성과 현실성에 영화 보는 내내 30번은 놀란 것 같습니다.
658b77ef05022c3cd5150e36,찾아라 비밀의 열쇠,2.0,왜 그러냐 … 아 진짜 하나부터 열까지 이해가 안간다
658b77ef05022c3cd5150e37,이치호,2.5,"너무 무리한 설정에 너무 정직한 연출, 균형만 좀 더 잘 잡았다면 더 재밌었을 텐데 아쉽다.. 그랬다면 주제의식 또한 애써 보여주지 않아도 보였을 것 같다.\n\n임성재 배우님은 앞으로 분명 잘되실 것 같다."
658b77ef05022c3cd5150e38,애태타,2.5,전체적인 메세지나 초반의 소소한 일상적 전개에 누구나 스릴을 느끼도록 진행하는 면이 신선하다가도 이러한 소재를 활용하지 못한 채 클레셰적인 마무리와 다소 개연성이 부족한 면이 아쉽다.
658b77ef05022c3cd5150e39,그랑죠,1.5,같은 넷플릭스의 스마트폰을 떨어뜨렸을 뿐인데와 절대 동급이 될 수 없는 영화
658b77ef05022c3cd5150e3a,토라,3.0,재밌게 나가다가 마무리가 왜이런지 참 답답하네.\n내가 작가라면 범인이 시원하게 참교육 당하고 사회적으로 망신당하고 얼굴 다 알려지고 교도소가서도 힘들게 사는 모습까지 보여주며 마무리할텐데.\n스릴있게 전개되다가 좀 허무하다. 작가가 재능이 없나부다. 인맥으로 작가가 된걸까.\n중후반까지 개연성없는건 사실 그냥 그렇다 쳐도 마무리까지 그런건 좀 아쉽다.
658b77ef05022c3cd5150e3b,회오리감자,3.0,"신혜선씌는 참 딕션도 좋고 연기도 참 잘하고 ㅎㅎ\n\n특유의 짜증스러운 연기와 직장에 찌든(?) 연기 정말 잘함 ㅋㅋㅋ\n\n철인왕후 에서도 정말 매력있었는데 ㅋㅋ\n이런 초조하고 불안한 연기도 참 잘한다\n\n<스마트폰을 떨궜을 뿐인데> 라는 영화가 떠오름.\n언제 어디서든 우리에게 일어날수 있는 소재라 좀 무서웠음..\n\n내 개인정보를 몰래 가져와서 악으로 이용하고..\n스마트폰 영화에서도 내 아이디 도용해서 이상한 글 올리고 ㅠㅠ\n\n특히 내 번호 도용해서.. 집으로 초대남들 찾아온게 제일 무서웠다ㅠㅠ... 비번까지 다 알아내서 그들이 따고 들어온게 진짜 소름..\n\n그리고 하이라이트는 ㅠ\n범인이 .. 자신을 설치기사로 알려주는게 젤 소름이었음\n\n그전까진 김팀장님이 범인인줄 알았다고요 ㅋㅋ\n\n신혜선이 다시 범인과 일부러 거래하며 만나는 장면에서.. 어떤 사람들은 태연하게 거짓말하면서 얼른 경찰이 잡도록 연기를 잘했어야지! 답답해.. 라고 할수도 있겠지만. 실제 날 극한의 공포로 밀어넣은 사람을.. 날 죽이려 했던 사람을 태연하게 다시 마주보긴 진짜 손떨리고 불안하고 무서울듯 ㅠㅠ\n\n그 심리를 잘 표현해준거 같아서 나도 긴장했음. ㅠㅠ\n\n후반부가 좀 루즈하지만 신혜선씌 덕분에 재밌게 봣음\n\n아 그리고 강태오씌,, 오랜만이에용"
658b77ef05022c3cd5150e3c,Hyuny Jo,3.0,중고거래 못하겠네...
658b77ef05022c3cd5150e3d,이용민,2.0,"스릴러 영화인데 각본이 헐거워 몰입 할 수가 없다\n주인공의 대처방식,경찰의 무능함,범인의 능력과 심리\n모두 의문이다"
658b77ef05022c3cd5150e3e,아몬드브리즈,2.0,진부한데 답답하기까지
658b77ef05022c3cd5150e3f,허허녀석,3.5,몰입해서 봤습니다 왜냐? 비현실적인 얘기가 아니기 때문이죠
658b77f005022c3cd5150e40,вσяα ʝυ,3.5,스포일러가 있어요!! 보기
658b77f005022c3cd5150e41,마늘빵,5.0,가상의 비현실적인 이야기가 아니다. 실존하는 이야기다. 지인이 당한 적 있는데 사이버 스토킹은 말도 못하게 고통스럽다. 범인이 실체를 드러내지 않고 치고 빠지고 지속하여 괴롭히기 때문이다. 스토킹법은 빨리 만들어져야 하고 형량도 무기까지 해야 한다. 나오면 또 보복하기 때문.
658b77f005022c3cd5150e42,SS,0.5,와.. 쫌 심한데
658b77f005022c3cd5150e43,SAC,2.5,소재 신선하고\n중간까지 현실공포 좋았는데\n급샌다
658b77f005022c3cd5150e44,한승태,2.0,캐릭터가 널을 뛰니 집중하기 어렵다..
658b77f005022c3cd5150e45,손지눈,2.0,조금 더 아쉬운 버전의 ‘스마트폰을 떨어뜨렸을 뿐인데’
658b77f005022c3cd5150e46,HyeonBin Choi,1.5,중고거래 괴담 모음집
658b77f005022c3cd5150e47,동글뱅이,1.5,처음보는 영화인데 분명 어디서 본것같다
658b77f005022c3cd5150e48,고독한 평론가 월이,1.0,억지투성이
658b77f005022c3cd5150e49,𐂂𐂃,2.0,나름 흥미진진했는데 결말이 이게 뭐야
658b77f005022c3cd5150e4a,russa,4.0,오싹하고~ 무시무시하다\n어디선가 일어나고 있겠다 싶어\n등꼴이 오싹~ 땀 주르륵
658b77f005022c3cd5150e4b,🐿️🍀,1.5,찌질 그 자체…
658b77f005022c3cd5150e4c,핫소스보단디오니소스,1.5,초반 피해자 괴롭히는 모습은 실제 중고거래 피해자들시 겪었던 내용과 똑 같아서 흥미진진했는데 막판 추격전과 살인부터는...대체 왜...현실공포에서 갑자기 매드맥스;;
658b77f005022c3cd5150e4d,김홍비,1.0,2009년에 나왔어도 망했겟다
658b77f005022c3cd5150e4e,Bob Choi,2.0,장르적 재미는 있으나 여성이 느끼는 극단의 공포감을 도구로 삼기 때문에 보기 힘들 수도 있다. 신혜선님의 연기가 좋다.
658b77f005022c3cd5150e4f,밥은먹고다니냐,1.5,이 영화의 장점 : 당근마켓이 소재라는 점\n이 영화의 단점 : 그 외 나머지 전부
658b77f005022c3cd5150e50,윤운섭,1.0,"고구마 1000개 먹은거 같은 영화\n주인공은 그렇게 당하면서 돈도 안주고 비번이 털렸는데 이사도 안가고...\n형사들은 늘 그렇듯 뒷북에, 느리고, 싸움못하고...\n범인은 자기가 스토킹한 피해자 얼굴을 까먹고 마는 영화...\n왜 꼭 자동차 충돌씬의 가해자는 늘 덤프트럭일까???\n신혜선때문에 별 하나..."
658b77f005022c3cd5150e51,만두치킨,4.0,스포일러가 있어요!! 보기
658b77f005022c3cd5150e52,유태,3.5,너무 있을법해서 영화 같지가 않음
658b77f005022c3cd5150e53,라즈베리씬,4.0,이런 현실 공포 너무 무사와요ㅠㅠㅠㅠ
658b77f005022c3cd5150e54,홍성은,3.5,어쩌다 이런 영화를 공포물이라고 칭하는\n시대가 되었을까\n\n내가 초딩일땐 여름만 되면\n줄줄이 귀신이 나오는 공포물들이 개봉했었다\n\n이제 내 나이가 30이 넘었는데\n이젠 공포물에 귀신이 더이상 등장하지 않는다\n\n현대사회가 공포고\n귀신보다 사람이 더 무섭기 때문이다
658b77f005022c3cd5150e55,Baekmun Yun,1.0,중간에 범인을 너무 쉽게 알아챌 수 있었던게 재미를 반감 시켰음..\n\n영화에 흔하게 쓰이는 설정인데 이젠 좀 그만 쓰자.
658b77f005022c3cd5150e56,서준,1.0,좋은 소재를 찾았음에도 활용할 방법을 전혀 모른다
658b77f005022c3cd5150e57,해석왕 고태일,3.0,온라인에서 오프라인으로 넘어 온 순간 타겟에서 벗어난다
658b77f005022c3cd5150e58,돌소녀,1.0,억지 긴장
658b77f005022c3cd5150e59,Teddy T.B,2.5,"신혜선 배우의 역할에 매몰되어 보아서 그래도 스릴은 있었는데 중간마다, 아니 자주 보이는 개연성 파괴는 집중력을 잃고 에라 모르겠다 해버렸다.\n\n- 231021 (25), 서울 중구"
658b77f005022c3cd5150e5a,Peace Lee,0.5,스스로 급을 계속 낮추는 신혜선
658b77f005022c3cd5150e5b,천성식,3.0,뭔가 장류진 단편을 그대로 이어쓴 스릴러 같달까
658b77f005022c3cd5150e5c,Seong Jin Jeong,2.5,집에 꿀 발라둠???
658b77f105022c3cd5150e5d,공포아님안봄,1.5,아..... 라방급이네 이 것도..
658b77f105022c3cd5150e5e,간지오백억,2.5,"신혜선의 또 다른 발견! 이주영배우의 친구 캐미.\n\n격한 싸움씬, 그냥 스릴러 정도로 했다면 더 좋았을 텐데 과한 설정이 조금 아쉬웠다.\n오랜만에 강태오의 연기를 봐서 좋았다."
658b77f105022c3cd5150e5f,tiny finger,1.0,어우 재미없어
658b77f105022c3cd5150e60,Seikoon72,1.0,죽고 싶어서 환장한 듯한 도발을 왜 자꾸 하는 지 이해가 안된다.
658b77f105022c3cd5150e61,이현만,1.0,실제 있었던 사건들을 적당히 섞어놓은 설정들은 좋았지만 트리거부터 어쩔줄몰라하는 길 잃은 연출이 아쉽다...
658b77f105022c3cd5150e62,이상범,3.0,"적당한 긴장감을 잘 끌고 가다가 역시나 마지막에 늘어진다.\n\n카체이싱은 그만 보고 싶고, ‘그놈’ 역의 임성재배우가 참 잘어울렸는데 늘어지다보니 그것조차 희석됐다.\n\n영화제목도 아쉽고, ‘그놈’ 이라는 네이밍도 아쉽다.\n\n한정된 역할을 할 수 밖에 없는 형사와 주인공보다는 가장 영화의 매력을 보여줄 수 있는 범죄자 캐릭터를 조금 더 매력적으로 만들었다면 어땠을까 싶다.\n\n물론 ‘그놈’의 얼굴을 끝에 공개하면서 얻어지는 반전적 요소도 있겠으나 얼굴을 공개하지 않아서 제한되는 묘사들을 금새록배우의 피해자 진술로 연출하거나 다른 인물을 등장시켜야하는 번거로움이 따른다.\n\n아쉽지만 소재자체는 신선했고, 영화 전반에 걸쳐서 톡으로 대화하는 장면이나 중고거래 사이트 UI등을 화면에 녹여내 보여주는 방식은 좋았다."
658b77f105022c3cd5150e63,mfer7653_Ate.Taegeum,2.0,내가 이래서 당근을 안 하지.\n제일 짜증나는 당근빌런은 막판에 그러지.
658b77f105022c3cd5150e64,릴오벨,3.0,뭔가 진짜 일어날 일인거 같아 무서워썽
658b77f105022c3cd5150e65,혠혠,3.0,요즘 흔히 접하는 중고거래라는 소재로 스릴러 영화를 만들었다는 점이 흥미로워 본 영화. 여느 영화와 같이 위험한 상황에서 계속해서 위험한 행동을 자처하는 주인공이 답답했던 딱 무난하게 시간 때우는 용으로 보기 좋은 영화.\n\nSNS부터 중고거래까지 뭐하나 마음 놓고 사용할 수 없는 현실이 무섭다..
658b77f105022c3cd5150e66,르네상스형뮤지션,2.0,극에 사회를 반영한 장점. 초반은 나쁘지 않았다. 중반 이후 마라맛 전개에 비해 스토리텔링에 헛점과 유치함이 한가득.
658b77f105022c3cd5150e67,곰곰,2.5,현실감 넘치는 생활 밀착형 스토리에 미치지 못한 비현실적인 해결방식.\n서치처럼 연출했어도 좋았을 것 같음...
658b77f105022c3cd5150e68,폼폼푸린,2.5,주인공이 너무 어리석다 하지만 긴장감은 압권이다 충분히 우리 사회에서 일어날수 있는 일이다
658b77f105022c3cd5150e69,...,2.0,"소재가 지닌 어려운 특징 때문일까. 아니면 인물의 움직임을 제한한 각본 때문일까. <타겟>은 신혜선 원톱 영화이면서도 원톱 영화가 아닌 것 같은 묘한 영화다. 가장 큰 문제는 수현(신혜선)의 움직임이 제한된다는 것이다. <그것이 알고 싶다>를 비롯한 각종 시사교양 방송의 재현 장면을 연상시키는 여러 장면에서 시작하여, 사건이 파국으로 치닫는 후반부에 이르기까지, 수현이 자신을 둘러싼 인물 사이에 개입할 방법이 사실상 없다. 감독은 수현의 수동성을 범인의 소재지와 여기서 비롯되는 액션으로 해결하려고 한다. 그 이유는 예상할 수 있다. 영화 속 범인의 소재지를 각종 시사교양 방송에 나온 상황을 최대한 반영한 결과물이라면, 수현 측 인물들이 각종 파생 범죄에 대응할 방법을 마련할 수 없다. 결국 <오펜하이머>처럼 상영시간 내내 귀를 자극하는 음향 효과(물론 그 느낌은 사뭇 다르다), 공포 장르를 연상시키는 여러 장면들, 범인을 처리하는 액션을 거치고 나서도, <타겟>은 사회 문제를 모호하고 불완전하게 다뤘다는 인상이 강하게 남는다."
658b77f105022c3cd5150e6a,미소,0.5,도어락 + 뺑반 .. 이 느낌? 중고거래 어플로부터 주인공이 타겟이 되는건 현실적이고 나름 신박한 소재였는데.. (아쉽..) 그리고 여기 나오는 인물들은 다들 불사조인건지.. ((자꾸 살아나요..)) 0_0?
658b77f105022c3cd5150e6b,쟈차차,2.5,정석으로 사용한 맥거핀 활용은 좋았으나 극 초반 참신한 소재로 인한 현실감과 몰입이 중후반부에 창문과 같이 와장창 깨져버린다.
658b77f105022c3cd5150e6c,Lee,0.5,개쓰레기영화
658b77f105022c3cd5150e6d,장세웅,1.5,이 러닝타임 시간동안 낙조나 보자
658b77f105022c3cd5150e6e,구본현,0.5,등장인물들의 생각과 행동이 너무 비현실적이여서 캐릭터에 몰입하기 힘들다.
658b77f105022c3cd5150e6f,손영지,3.0,초중반은 꽤나 스릴있고\n또 꽤나 설득력 있게 현실적으로 스릴있어서\n흥미진진했는데\n후반은 클라이맥스 엑션씬이 집중이 하나도 안될정도로 물음표가 들었다....\n개연성도 좀 그렇지만 캐릭터성도 너무 없어서 몰입할 포인트가 없었던듯.\n그래도 뭐 스릴러에 스릴이 있었으니\n크게 나쁘진않았음
658b77f105022c3cd5150e70,매디,0.5,중고 사기라는 소재를 사용한 것은 굿\n그렇다고 소재를 잘 풀어냈다는 말은 아니고\n개연성 부족에 뒤로 갈수록 엉망에 박차를 가한다\n카체이싱은 도대체 왜 넣은거야? 그냥 웃겨\n신혜선샘은...갓🩷
658b77f105022c3cd5150e71,강승후,1.5,답답한 느낌 주려고 광각단을 안썼나 싶은데 너무 답답했음
658b77f105022c3cd5150e72,홍힝항홍,0.5,"씬 마다 해서는 안될 행동, 나오면 안될 인물, 이어지면 안되는 스토리 삼위일체가 이루어진 영화"
658b77f105022c3cd5150e73,Khfilm,2.5,캐릭터의 설정에\n목표를 찾지 못하고\n미결 되어버린 사건들
658b77f105022c3cd5150e74,서진,2.0,당근으로 청소기 사려고했는데 큰일났다
658b77f105022c3cd5150e75,Hwang,0.5,뭔생각으로 만든건지 모르것다..\n불쾌하고 불편하다..
658b77f105022c3cd5150e76,하민지,1.5,혼자 사는 여자한테 너무 무서운 세상\n\n영화 너무 유치해...
658b77f105022c3cd5150e77,티타옹이김모쿠성도지시미우현웅,2.5,현실공포를 극대화하고자 캐릭터에 답답함과 상황적 극대화를 굳이굳이 주입한다.\n\n👍🏻: 그런 캐릭터에 리얼리티를 부여하는 신혜선.\n👎🏻: 여전히 식상하고 불편한 플롯.
658b77f105022c3cd5150e78,김새봄,2.5,스포일러가 있어요!! 보기
658b77f105022c3cd5150e79,이시은,1.5,뭘 말하고 싶은 건데...
658b77f105022c3cd5150e7a,모아나,0.5,진짜 별로ㅜㅜ 돈 아깝다... 그냥 이 영화 저 영화에서 좋아보이는건 다 빼서 섞은 느낌
658b77f105022c3cd5150e7b,박다영,2.5,오락성있고 가볍게 볼 수 있는 킬링타임용 영화. 현실성은 다소 떨어짐
658b77f205022c3cd5150e7c,김동우,1.5,보는 내내 감독을 타겟으로 삼고 싶었다. 최악의 영화 바비와 함께 배우믿고가다가 시간낭비하는 영화
658b77f205022c3cd5150e7d,진우,2.5,신선한 소재와 꽤나 섬뜩한 분위기. 뻔한 전개와 무분별한 점프스케어 활용이 아쉬웠다.
658b77f205022c3cd5150e7e,달론,1.5,답답한 장르영화
658b77f205022c3cd5150e7f,inoji,2.5,"시의적절할수록, 만듦새가 좋을 수록 의문이드는 이 영화의 창작의도와 존재 의미."
658b77f205022c3cd5150e80,김대현,2.5,결말에서 예측가능한 뻔한 액션이 아쉬움. 연출이나 각본이 아닌 효과음에 의존한 서스펜스를 구사한 것이 아쉬움
658b77f205022c3cd5150e81,seong,3.0,"현실적인 소재로 찐득한 몰입감, 돌아보면 구멍 송송 상황들"
658b77f205022c3cd5150e82,주영이,2.0,이주영 배우님의 승승장구를 응원합니다 하핫
658b77f205022c3cd5150e83,함성규,3.5,"트렌디하고 신선한 소재(당근 마켓이랑 중고 나라가 관계자들 고소할 지도..)를 기반으로 한 2년 전인지 3년 전인지 기억도 안 나는 변요한 주연의 3류 영화랑 10년 전 이맘때 개봉했던 손현주 주연의 코미디 영화를 섞은듯한 느낌.\n\n큰 기대는 안 했는데 소재가 신선해서 그런지 중후반부까지 극을 이끌어가는 몰입도랑 쫄리는 그 긴장감이 좋았다. 물론 중후반부터의 너무 영화 연출스러운 연출(분노의 질주 부분에서 왠지 모르게 웃음이 나왔다) 이랑 진부하다는 느낌이 없잖아있지만 배우들의 열연으로 어느 정도 대충 넘어가 줄 수 있는 느낌..\n\n""그 배우""는 나에게 있어 충무로계의 <윌리를 찾아라> 수준이기에 한눈에 알아봤지만(전혀 놀랍지 않았다) 뭐 그냥저냥 이런 영화가 보여줘야 하는, 보여줄 수 있는 그런 서스펜스 장르의 재미 정도는 충분히 선사하는 나쁘지 않은 오락 영화였다."
658b77f205022c3cd5150e84,잡채는원래착하다,2.0,무섭고 끔찍한데 그게 다임
658b77f205022c3cd5150e85,지인,3.0,현실감 있는 공포라 전반적으로 몰입해서 재밌게 봤다.\n하지만 후반부로 갈수록 보이는 구멍들..ㅠ
658b77f205022c3cd5150e86,후비안,0.5,"영화가 최악이다.\n이 영화를 보고 어떤 감명을 받았거나 흥미진진함 또는 스릴을 느꼈다면, 축하한다 당신은 범죄의 피가 흐른다. 관객들에게 어떠한 쾌감을 선사하지 못하고 불쾌감만 주며 나아가는 범죄자의 승승장구를 보며."
658b77f205022c3cd5150e87,Lee,3.5,스토리는 돌고도는  것\n신혜선 연기력이 살렸다. 신선하진 않지만 소재가 좋아 흡입력 있었음
658b77f205022c3cd5150e88,NULL,2.0,하고자 하는게 많다면 잘 할수 있는 것에 집중했으면\n어땠을까?\n영화 최고의 장면이 카체이싱이라니...\n근데 그게 생각보다 괜찮은 장면.
658b77f205022c3cd5150e89,공태윤,2.5,"현실적 소재이지만 전개는 구식, 당근보다는 하이마트가자~"
658b77f205022c3cd5150e8a,김민규,3.5,제일 소름 돋았던 건 영화관에 있는 사람들 모두 '그치.. 저런 일이 일어날 수도 있지..'하며 조금씩이라도 납득하고 있었다는 것이다.
658b77f205022c3cd5150e8b,SherlockHomz,2.0,신혜선 미모만 다 한 영화.
658b77f205022c3cd5150e8c,chance,2.5,생각보다 쫄깃함을 주지만 현실 범죄가 더 무섭고 말도 안되기 때문에 개봉시기가 아쉽다
658b77f205022c3cd5150e8d,에단,1.5,소재도 신선하고 몰입감도 괜찮지만 마무리가 별로다.
658b77f205022c3cd5150e8e,Movie Train,0.5,"서치, 스마트폰을 떨어뜨렸을 뿐인데에서 비롯 된 모방 거래."
658b77f205022c3cd5150e8f,리뷰어 우진,2.5,보는 내내 안타까웠습니다. 여러가지 이유로...
658b77f205022c3cd5150e90,햄토리,0.5,"한국 영화 최악의 영상물중 '데자뷰'라는 ucc가 있는데, 거기서 전혀 발전하지 못했다"
658b77f205022c3cd5150e91,묭룡이,3.5,신혜선은 언제나 최고 미쳤따이~\n오금 저립니다 ㄷㄷ
658b77f205022c3cd5150e92,김광휘,3.0,여자친구랑 보기에 나쁘진 않다.
658b77f205022c3cd5150e93,서현,2.0,당근마켓이 이 영화를 싫어합니다
658b77f205022c3cd5150e94,박주헌,3.0,그것이알고싶다에 나온 그소재로\n초반 몰입감은 좋았는데..\n갑자기 무지막지한 강력범죄가 될줄이야
658b77f205022c3cd5150e95,파손주의,2.0,소재만 좋았음
658b77f205022c3cd5150e96,HJ,2.5,x값에 소재만 갈아끼운 K-스릴러 공식
658b77f205022c3cd5150e97,흠。,2.5,(Netflix)\n\n기ㅣㅣㅣㅣㅣㅣㅣㅣㅣㅣㅣ승저언ㄱ 느낌. 갑자기 너무 후루룩 지나간다.
658b77f205022c3cd5150e98,최정아,2.5,현실공포 그리고 과도한 찌질함
658b77f305022c3cd5150e99,서디귿,2.0,왜 집으로 도로 들어 가는 것이냐?
658b77f305022c3cd5150e9a,윤호중,2.5,왜? 에 관해 대답하진 못하면서 자꾸만 관객에게 공포와 긴장을 강요하는 느낌!\n답답하다는 느낌이 시간이 지날수록 차오른다
658b77f305022c3cd5150e9b,HyunKyung Eom,0.5,그러는 이유가 있을거아냐...
658b77f305022c3cd5150e9c,이동준,0.5,중고거래 안해본 감독의 뇌
658b77f305022c3cd5150e9d,전종혁,1.5,스포일러가 있어요!! 보기
658b77f305022c3cd5150e9e,노옥,2.0,그 집부터 좀 나오라고 제발!!!!!
658b77f305022c3cd5150e9f,KM,2.0,흥미로운 소재이나 주인공과 경찰의 행동 당위성을 쉽게 이해하기가 약간은 어렵다..\n그래서 연기들은 좋았으나 시나리오와 연출이 아쉽니다..
658b77f305022c3cd5150ea0,미선,2.0,집에서 나가라고..
658b77f305022c3cd5150ea1,MADOSMIK,1.5,중고거래를 했을 뿐인데..\n여주가 이해되지 않는 부분이 너무 많아서\n바보 같아서 좀 짱나따\n크리스마스에 엄마랑 두번째 무비타임 🩵
658b77f305022c3cd5150ea2,MS,2.0,도대체 그 집엔 왜 자꾸 돌아가는거야...?
658b77f305022c3cd5150ea3,올립,2.5,"이제 영화니까~ 이런 건 납득될 수 없다, 현실적인 것에 소재를 따왔으면 현실 느낌 물씬 나게 영화를 만들어라 감독님아, 살인범이 기다리고 있을 집에 기어들어가는 게 말이 되나?"
658b77f305022c3cd5150ea4,까사노문,2.5,중반부까지는 나름 긴장감을 유지했지만\n\n범인이 나타나고 나서부터 그저그런 b급영화식 마무리
658b77f305022c3cd5150ea5,한림,2.5,달자누님 개인정보공유 금지
658b77f305022c3cd5150ea6,박희원,2.5,OTT 용 영화
658b77f305022c3cd5150ea7,김정민,2.0,이유 없이 저렴한 물건은 없다
658b77f305022c3cd5150ea8,Hyeran Yang,3.0,설정이나 스토리 자체는 있음직한 사건이라 공포였지만 주인공의 행동들은 이해가 안되는 부분이 많았다.
658b77f305022c3cd5150ea9,Mr.Kkong,2.0,스포일러가 있어요!! 보기
658b77f305022c3cd5150eaa,지영현,2.5,피해자 사건일지\n현실의 공포를 쌓아가다 점점 현실감을 잃는다
658b77f305022c3cd5150eab,Ozpk,2.0,스포일러가 있어요!! 보기
658b77f305022c3cd5150eac,사카린,1.5,개답답하네
658b77f305022c3cd5150ead,나연,2.5,증발해버린 실장 아저씨😢
658b77f305022c3cd5150eae,Hi,2.0,꾸역꾸역 집에 기어들어가네
658b77f305022c3cd5150eaf,곽정연,2.0,시적은 좋았는데 점점 이야기가 산으로 가는…
658b77f305022c3cd5150eb0,홍마초,1.5,이런 영화에도 개연성 지적하면 영화는 영화로 보라고 하려나 또
658b77f305022c3cd5150eb1,찌니지니,2.5,23.12.24
658b77f305022c3cd5150eb2,Kipitup,1.5,신선한 소재를 잔인함으로 뒤 덮다
658b77f305022c3cd5150eb3,김다혜,1.0,띠바 이게 말이 된다고 생각하셈?
658b77f305022c3cd5150eb4,채셔,2.0,초반 10분 오...이런소재로...\n\n한 30분? 응? 여기서 대응을 이렇게?\n\n한 한시간? 어? 거길 또 가?\n\n이후...10초 뒤로 10초 뒤로...
658b77f305022c3cd5150eb5,김민서,2.0,아니 뭐함?이 연달아 나온다.
658b77f305022c3cd5150eb6,민지영,1.0,중고거래 무섭네
658b77f305022c3cd5150eb7,오마이코넬,3.0,"나도 중고거래 사기 당해봐서, 진짜 열받으면서 무서웠음. 그러나 뉴스에 보도된 내용을 그대로 재연한 것 같아 영화적으로는 조금 아쉽다."
658b77f305022c3cd5150eb8,안우전,3.5,"스마트폰을 떨어뜨렸을 뿐인데와 느낌이 비슷한데, 중고거래가 소재다보니 더욱 현실에 와닿는다."
658b77f405022c3cd5150eb9,😎😎😎,2.0,도어락과 비슷한 수준
658b77f405022c3cd5150eba,손병철,0.5,고생햇어요 퇴근하셔요 배우님들
658b77f405022c3cd5150ebb,김민철🦕,0.5,쓰레기 GOAT
658b77f405022c3cd5150ebc,김동현,2.0,억지서사
658b77f405022c3cd5150ebd,짜사이,1.5,개인정보 다 털렸는데 혼자 집으로 들어가서 자는 주인공이 대단하다;;; 비꼬는거 아니고 진심임 마지막엔 친히 미끼까지 되어주시고....\n아니 그리고 형사는 도대체 언제오는거임? 왜 2인1조로 다니지않고 왜 지원요청을 하지않는거지?
658b77f405022c3cd5150ebe,김기현,2.5,"아주 훌륭한 전투력을 가진, 강호동의 어린 시절을 닮은 범인이 반짝이는 영화"
658b77f405022c3cd5150ebf,14,1.0,답답해 죽겠네
658b77f405022c3cd5150ec0,동쓰,2.0,언제까지 이사를 안가냐
658b77f405022c3cd5150ec1,가가,1.0,소재는 너무 좋은데 여러모로 진짜 너무하다
658b77f405022c3cd5150ec2,Dali,1.0,그럴싸한 소재를\n아무렇게 풀어가니\n무수한 의문만 생겨남
658b77f405022c3cd5150ec3,assemble9,2.5,타겟의 몰입감은 살렸지만 개연성은 죽였다.
658b77f405022c3cd5150ec4,Serenade,1.5,대체 왜… 그 집에 다시 들어가는 걸까
658b77f405022c3cd5150ec5,39,0.5,어설프고 촌스럽다. 배우들마저 바보로 보일 정도. 등장인물들에게 이입을 하지 않는다면 가볍게 시간 때우기는 괜찮다. 재미보단 스트레스에 가까운 느낌이다.
658b77f405022c3cd5150ec6,최재환,,오늘도 당신의 중고거래는 안녕 하십니까?
658b77f405022c3cd5150ec7,김다희,2.5,스포일러가 있어요!! 보기
658b77f405022c3cd5150ec8,임준성,2.0,23.12.22
658b77f405022c3cd5150ec9,on,1.0,이건 아니지예\n자동차 씬부터 에바
658b77f405022c3cd5150eca,다락,3.0,중고거래의 위험성과 보이스피싱
658b77f405022c3cd5150ecb,강승화,0.5,경찰 테이저건 안쏘고 머함?\n살인범을 맨손으로 상대하다니...\n존나 개답답ㅡㅡ!
658b77f405022c3cd5150ecc,smilegorany,3.0,"중고 거래라는 소재를 덮어버리는 초강력 빌런의 존재.\n-\n소재의 시의성도 확실하고 스릴러의 몰입도도 갖추고 있지만 그걸 충분히 살리지 못한 것 같은 아쉬움이 있다. 해킹도 잘하고 좀처럼 걸리지도 않는데 힘까지 무지하게 센 빌런이 나오다 보니, 주인공부터 경찰까지 다 속수무책인 전개가 되어버렸다. 거기다 주인공은 심각한 상황에도 계속 범인과 맞서기만 하다 보니 공감하기 좀 어려울 수밖에 없었다. 경각심을 불러일으키긴 했지만 영화의 재미라는 면에선 일방적인 흐름이 아니라 좀 더 주고받는 치밀함이 있었으면 어땠을까 싶다."
658b77f405022c3cd5150ecd,elio,1.5,고구마만 잔뜩\n사이다는 알아서 마셔야합니다
658b77f405022c3cd5150ece,팥빙수,2.0,흠..
658b77f405022c3cd5150ecf,도연,2.0,아니 용기가 있어도 너무 있는거 아니냐???
658b77f405022c3cd5150ed0,박선진,2.5,나만 주인공이 답답하다 느낀게 아니구나.
658b77f405022c3cd5150ed1,키린,2.5,보는 내내 '스마트폰을 떨어뜨렸을 뿐인데'가 생각난건 왜일까
658b77f505022c3cd5150ed2,성태진,2.5,러닝타임을 맞추기위해 복무하는 듯한 캐릭터들. 작위적이고 심심하다.
658b77f505022c3cd5150ed3,모멘텀,2.0,초중반에는 나름 괜찮았는데 추격씬부터 이상해지기 시작함
658b77f505022c3cd5150ed4,섭웨,2.5,스포일러가 있어요!! 보기
658b77f505022c3cd5150ed5,밍밍,3.0,현실반영 쩔어서 보는내내 개스트레스ㅠ
658b77f505022c3cd5150ed6,한태경,2.5,2023.12.21.
658b77f505022c3cd5150ed7,jememe,1.5,하 이 신파 어떡하지….
658b77f505022c3cd5150ed8,j.h,3.5,주인공이 왜 저러는지 답답했지만 이해는간다..있을수 있는 무서운 현실영화
658b77f505022c3cd5150ed9,이상원,1.5,피해자와 범인과 경찰들의 지능이 갑자기 절반 이하로 떨어지는게 아니라면 성립할 수 조차 없는 억지 전개.
658b77f505022c3cd5150eda,rein,0.5,"주인공이 아무것도 하지 않는 범죄 스릴러에 어떤 존재 의의가 있는지?\n형사 2인 1조 근무는 온국민의 상식이 아닌지?\n분명 시나리오 모니터를 돌렸을텐데, 모니터링 의견이 전혀 반영이 안 된 것일까.. 반영을 해서 이 정도가 된 걸까.. 무튼 안타깝다.\n신혜선 배우는 좋아하는 배우인데 작품 고르는 눈을\n좀 길렀으면 좋겠다."
658b77f505022c3cd5150edb,영민,2.0,B급의 정석
658b77f505022c3cd5150edc,북극하이에나,3.5,영화 타겟은 그알에도 나왔던 중고거래 실화를 모티브한 영화이다. 실제로 일어나고있는 일들에 대해 시청자들에게 긴장감있게 알려주었다.\n교훈이 있는 영화.\n-23.12.20.-
658b77f505022c3cd5150edd,Soo Jin Cho,2.5,부족한점을 꼽자면 한도 끝도없지만 배우들의 연기들만은 볼만하다
658b77f505022c3cd5150ede,최희윤,1.0,소재가 신선한것 외엔 없다
658b77f505022c3cd5150edf,박준호,3.5,2023.12.21
658b77f505022c3cd5150ee0,김문철,2.0,너무 쎈(?) 그 놈이 이 영화를 약하게 만든다
658b77f505022c3cd5150ee1,엄지민,2.5,왜 그 집을 나가질 않고 계속 돌아가니..
658b77f505022c3cd5150ee2,신디플러스,2.0,"흔한 일상생활이야기를 막장으로 만든 영화.범인은 막무가내 천하무적이고, 여주인공은 집이 안전하지 않은걸 알면서도 일자무식 집순이고, 경찰은 대책없는 행동파고."
658b77f505022c3cd5150ee3,21세기해골,1.5,"새로운 소재와 새로운 배우를 사용하여 만든, 잊을만하면 출시되는 성의 없는 영상물."
658b77f505022c3cd5150ee4,누비,1.0,현실고증이 너무 부족하여 보는 내내 현입\n사회생활을 안한건지 다른 컨텐츠를 안본건지..\n\n하.. 주연 배우들 연기가 너무 공감이 가서..\n여성이 겪는 공포 때문에 숨이 턱턱 막힘
658b77f505022c3cd5150ee5,미가,0.5,현실적이라 보다 두려워서 스킵ㅋㅋㅋㅋ\n12.20
658b77f505022c3cd5150ee6,너한테 장난치고 싶어,0.5,어휴 대단한 놈 납셨다. 미리 작정하고 판을 벌였는데 왜 그곳에 아무도 없는가. 대비란 건 이럴 때 하는 거라고.
658b77f505022c3cd5150ee7,yuz,0.5,킹콩이되시발
658b77f505022c3cd5150ee8,이주희,3.5,신혜선의 연기가 다 한 영화.
658b77f505022c3cd5150ee9,정용갑,1.5,유튜브용 줄거리 편집본을 그래도 상영한 것 같다.
658b77f505022c3cd5150eea,Alice Yoojung Shin,2.0,그냥 중고거래 공포만..
658b77f505022c3cd5150eeb,m m,1.5,응 뻔해..
658b77f505022c3cd5150eec,0zun,4.0,현실적이어서 더욱 몰입해서 볼 수 있었던 영화 👍🏻
658b77f505022c3cd5150eed,김이수,1.5,신혜선님 팬이라 봄 끝!
658b77f505022c3cd5150eee,박시현,3.0,신혜선 붊상했…
658b77f505022c3cd5150eef,김영롱,3.0,너는 이 발상으로 개짓거리 안하고 영화만 만든걸 다행으로 알어라\n개무섭 ㅜㅜ
658b77f505022c3cd5150ef0,하치와레,0.5,너희 다 바보지 솔직히말해
658b77f505022c3cd5150ef1,리미,1.5,처음부터 개답답\n그치만 무서움\n:)...
658b77f605022c3cd5150ef2,미쓰따리,2.5,이 같은 비슷한 소재가 많아서 큰 흐름은 뻔했다. 중반까지는 그런데로 몰입감 적당하고 긴장감 주면서 이끌어 갔지만 중후반에 다다르면서 영화가 힘이 없어진다. 개인적으로는 범인 캐스팅은 미스캐스팅이랄까?
658b77f605022c3cd5150ef3,jesuisxm,2.0,킬링타임용으로 적절
658b77f605022c3cd5150ef4,JCKR,3.5,타겟ㆍ35ㆍ분노를 제대로 부르는 악역
658b77f605022c3cd5150ef5,뭐없다,3.5,231219 2회
658b77f605022c3cd5150ef6,haru,3.0,주인공의 대처도 사건의 경중을 따지는 경찰조직의 안일함도 모두 화가나지만\n중고거래를 종종하는 사람으로 몰입되지않을 수 없었다.
658b77f605022c3cd5150ef7,nachtblau,1.5,이 영화의 타겟은 뭔가?
658b77f605022c3cd5150ef8,mamacoco,0.5,스릴러를 보면서 피곤하다.. 이주영 배우도 좋은 배우인데 왜 이렇게 평평하게만 썼을까... 가장 코메디는 팀장 캐릭터. 뭘 의도한 배치인지 모르겠음.
658b77f605022c3cd5150ef9,probohemia,3.5,딱 90년대 영화네…
658b77f605022c3cd5150efa,suu,4.0,범인 대박
658b77f605022c3cd5150efb,이지연,0.5,신혜선배우 좋아해서 봤는데 ㅋㅋ\nㅋㅋㅋㅋㅋㅋㅋ.......
658b77f605022c3cd5150efc,서형원,0.5,혜선이누나를 무기력한 무능력한 답답한 역할로 소모하다니...
658b77f605022c3cd5150efd,yamadonda,1.0,시의성 있는 주제임에도 그렇게 잘 살리지 못한..
658b77f605022c3cd5150efe,무비콩,2.5,신혜선 배우하나보고 봤지\n괜히 혼자사는데 무서운거봤다\n요즘같은 세상에 범인 못잡는거랑 범죄자 능력치가 억지스럽긴한데\n김성균 멋지당\n\n스떨뿐이랑 비슷하네
658b77f605022c3cd5150eff,투베이스,3.0,오래간만에 드라마와 영화의 경계에 대해 생각해 봤다. 플랫폼이 다양해지고 형식이 자유로워 진다고 해도 영화는 시리즈나 드라마와는 달라야 하지 않을까. 초등학생도 이해할 수 있도록 쉽게 만들었다는 장점은 있다.
658b77f605022c3cd5150f00,&__**,4.0,세탁기 중고거래 하면 바퀴벌레 나와
658b77f605022c3cd5150f01,깜찍발칙,3.5,2023.12.19
658b77f605022c3cd5150f02,Sue,2.0,23.12.18.(월) 집에서 넷플\n\n전형적으로 고민없이 공식적용해서 만든 영화
658b77f605022c3cd5150f03,Kyung Deuk Noh,2.0,온라인으로 인해 변해가고 있는 세태를 꼬집었다.\n우리는 정말 정보의 바다 속에서\n안전하게 살아가고 있는 걸까??
658b77f605022c3cd5150f04,김성연,1.5,굳이 중고거래 범죄 소재가 아니어도
658b77f605022c3cd5150f05,도여니,2.0,피슉피슉 가냘퍼서 짜증나
658b77f605022c3cd5150f06,TENSI,2.5,고구마 백개\n범인 자극 좀 그만시켜\n집 비번까지 범인이 다 알았는데 왜 자꾸 집에서 자는거임 이해가안됨 그리고 자꾸 범인 속 긁음 미친것 그리고 제발 출동하기전에 지원요청좀해라 답답해미치것다
658b77f605022c3cd5150f07,쟈이임,,외래어 표기법\n잘못된 표기: 타겟\n올바른 표기: 타깃
658b77f605022c3cd5150f08,먀~,0.5,죽음에 애도는 안 하고 죽이기만 하는 영화
658b77f605022c3cd5150f09,안하민,2.5,신혜선의 행동거지에 당위성이 너무 없어서 보다가 자꾸 깬다\n핍진성을 이렇게까지 박살내다니
658b77f605022c3cd5150f0a,방구석 영화 평론가,2.5,사이버 수사팀 경찰이 직접 나서서 살인범을 잡는\nㅋㅋㅋㅋㅋㅋㅋㅋㅋㅋㅋㅋㅋㅋㅋㅋㅋㅋㅋㅋㅋ
658b77f605022c3cd5150f0b,JS2,2.0,이런영화들은 왜 죄다 경찰들이고 주인공들이고 답답하냐...
658b77f605022c3cd5150f0c,영지,0.5,개노잼\n시간낭비
658b77f605022c3cd5150f0d,hamsikk,2.0,스포일러가 있어요!! 보기
658b77f605022c3cd5150f0e,dogggy,2.5,소재는트렌디하긴하지만의외로뚝심있어보이는스릴러.다만배우를알고있다면그자체가스포일러가될수있다.
658b77f605022c3cd5150f0f,이지원,2.5,와....처음부터 끝까지 예상에서 한치도 어긋남이 없음...
658b77f705022c3cd5150f10,Jsjoost,2.0,내용전개는 답답했지만\n실제상황이였으면 진짜 무섭고 힘들었을듯
658b77f705022c3cd5150f11,성은아파트고스트볼의비밀,2.5,보이지 않는 검이 가장 무서운 법.
658b77f705022c3cd5150f12,렉시턴의 유령,2.5,개연성과 완성도를 흐린눈으로 보면 굉장한 공포영화였다 충분히 그럴법한 이야기..
658b77f705022c3cd5150f13,졸 냉정평가자,2.5,중나는 오늘도 평온
658b77f705022c3cd5150f14,손기정,2.5,마지막에 좀 영리하게 이끌수 있었던것 같다
658b77f705022c3cd5150f15,전골,3.0,침대 밑에서 나올거 알면서도 왜 깜짝 놀라지? 히히
658b77f705022c3cd5150f16,히요세오,2.0,좀..뻔하고\n살짝무섭
658b77f705022c3cd5150f17,보랴미,3.5,중고거래의 안정성에 경각심을 갖게 되는 영화.
658b77f705022c3cd5150f18,이정현,1.0,최악의 빌런은 주인공임\n너무 답답해서 미처버리는 줄
658b77f705022c3cd5150f19,more930607,2.0,중고거래란 소재만 다를 뿐 비슷한 장르의 영화들과 거의 같은 맥락
658b77f705022c3cd5150f1a,chu,2.5,스포일러가 있어요!! 보기
658b77f705022c3cd5150f1b,욱이,0.5,아 답답해.
658b77f705022c3cd5150f1c,shA,2.5,당근마켓에서 싫어할 영화.
658b77f705022c3cd5150f1d,Thriller,2.5,일상소재 스릴러물 수작이 될뻔한 K-스타일 졸작
658b77f705022c3cd5150f1e,영화무조건봐야하는1인,3.5,중고거래 조심성을 일깨워 주는 영화\n잘봤다
658b77f705022c3cd5150f1f,정오성,1.5,타겟이 돼 봐버렸네
658b77f705022c3cd5150f20,주인혜,2.0,하 갑자기 왜 센 척하는디
658b77f705022c3cd5150f21,가워니,2.0,초반에 빌드업이랑 긴장감이랑 공포심 잔뜩 잘 넣었는데 결말이 디박 허접
658b77f705022c3cd5150f22,치즈에,1.0,전기충격기같은거없어?
658b77f705022c3cd5150f23,안나,3.0,타카 핀은 늘 넉넉하게 채워놔야 겠다는 다짐!
658b77f705022c3cd5150f24,ssuya912,2.5,소재만 좋은...
658b77f705022c3cd5150f25,다다,3.0,"진짜 현실적이라 조금 무서움,,"
658b77f705022c3cd5150f26,이진구,2.5,영화 스토리 구도와 마지막을 질질 끄는 것 까지\n마치 도어락 2를 보는 것 같았다.
658b77f705022c3cd5150f27,유영하,3.0,[타]겟이 되었으면 제발 혼자사는 집에서 부터..\n[겟] 아웃!!!
658b77f705022c3cd5150f28,별곡이,2.0,신혜선이 범인 찾을 때만 빠릿하고 나머진 다 답답함
658b77f705022c3cd5150f29,짱진희,2.0,10년전에 봤으면 재밌겠죠..
658b77f705022c3cd5150f2a,이종훈,3.0,딱 킬링영화.\n그놈 연기때문에 0.5점 더줌.
658b77f705022c3cd5150f2b,뉴진스,2.0,현실같아 너무 짜증난다. 번장 조심해야지.
658b77f805022c3cd5150f2c,elena,2.5,영화 <도어락>과 <휴대폰을 떨어뜨렸을 뿐인데> 를 혼합해놓은 느낌의 영화.\n\nPS. 스릴러를 좋아한다면 <도어락>을 추천드립니다.
658b77f805022c3cd5150f2d,김태민,3.5,몰입감 좋았던 스릴러\n중고거래에서 벌어지는 이야기\n\n협박범 대응방식은 비이성적이라고 느껴지긴했으나\n막상 그런일이 닥치면 이성적으로 행동할수있는 사람이 얼마나 될까?\n\n23.12.17
658b77f805022c3cd5150f2e,모나도,2.5,무섭게만 하려고 하지 말고..\n만듦새에 신경을 썼더라면..\n억지스러움에 실소가..
658b77f805022c3cd5150f2f,bbyongbbyong,3.0,리얼한 현실 공포.. 정말 무서웠다. 배우들의 연기가 좋았음
658b77f805022c3cd5150f30,최희용,2.5,시의적절한 주제. 익명이 주는 편안함과 공포감의 이율배반적 모습에 대한 경계를 잘 보여줌.
658b77f805022c3cd5150f31,Min,2.5,스포일러가 있어요!! 보기
658b77f805022c3cd5150f32,통모짜😴,3.5,무서워서 당근 하겠나
658b77f805022c3cd5150f33,__brunch,2.0,"현실에서 있을법해서 무서운 , 재미는 별개"
658b77f805022c3cd5150f34,유니쨩,3.5,소재가 신선.\n\n재밌게봤다 한 번쯤 볼만\n혜선언니 연기 잘하고 몸매예쁨ㅎㅎ\n무서워서 중고거래하겠나.. 남자도 당하는 세상\n여자는 더 무섭지
658b77f805022c3cd5150f35,Tony,2.0,감독의 타겟이 되어버린 나.
658b77f805022c3cd5150f36,Lyubit,2.5,그치?..
658b77f805022c3cd5150f37,endlessrain,0.5,감독이 스폰을 받는다는 거 말고는 설명이 안 되는 영화
658b77f805022c3cd5150f38,강유현,2.0,"- 중고거래라는 시사점이 추가됐지만, 다수의 부분에서 <도어락>에 미치지 못하는 스릴러. 자주봐 온 익숙한 답답함.\n\n23.12.17 넷플릭스"
658b77f805022c3cd5150f39,덜컹거리다,2.5,"악과의 싸움은 어쩌면 이런 모양일수도,,"
658b77f805022c3cd5150f3a,장원재,2.0,스포일러가 있어요!! 보기
658b77f805022c3cd5150f3b,포스트말론브란도,0.5,빨리 돈 많이벌어서 시간 많아져서 좋은영화 많이봐야지 히히
658b77f805022c3cd5150f3c,baanne,1.5,???ㅋㅋㅋ
658b77f805022c3cd5150f3d,JY,3.0,중고거래 무서워서 하겠냐..\n저예산느낌.. 경찰 제대로 깍아냄
658b77f805022c3cd5150f3e,,,
658b77f805022c3cd5150f3f,,,
658b77f805022c3cd5150f40,,,
658b77f805022c3cd5150f41,,,
658b77f805022c3cd5150f42,,,
658b77f805022c3cd5150f43,,,
658b77f805022c3cd5150f44,,,
658b77f805022c3cd5150f45,,,
658b77f805022c3cd5150f46,,,
658b77f805022c3cd5150f47,,,
658b77f805022c3cd5150f48,,,
658b77f805022c3cd5150f49,,,
658b77f805022c3cd5150f4a,,,
658b77f805022c3cd5150f4b,,,
658b77f805022c3cd5150f4c,,,
658b77f805022c3cd5150f4d,,,
658b77f805022c3cd5150f4e,,,
658b77f805022c3cd5150f4f,,,
658b77f805022c3cd5150f50,,,
658b77f805022c3cd5150f51,,,
658b77f805022c3cd5150f52,,,
658b77f805022c3cd5150f53,,,
658b77f805022c3cd5150f54,,,
658b77f805022c3cd5150f55,,,
658b77f805022c3cd5150f56,,,
658b77f805022c3cd5150f57,,,
658b77f805022c3cd5150f58,,,
658b77f805022c3cd5150f59,,,
658b77f805022c3cd5150f5a,,,
658b77f805022c3cd5150f5b,,,
658b77f805022c3cd5150f5c,,,
658b77f805022c3cd5150f5d,,,
658b77f805022c3cd5150f5e,,,
658b77f805022c3cd5150f5f,,,
658b77f805022c3cd5150f60,,,
658b77f805022c3cd5150f61,,,
658b77f805022c3cd5150f62,,,
658b77f805022c3cd5150f63,,,
658b77f805022c3cd5150f64,,,
658b77f805022c3cd5150f65,,,
658b77f805022c3cd5150f66,,,
658b77f805022c3cd5150f67,,,
658b77f805022c3cd5150f68,,,
658b77f805022c3cd5150f69,,,
658b77f805022c3cd5150f6a,,,
658b77f805022c3cd5150f6b,,,
658b77f805022c3cd5150f6c,,,
658b77f805022c3cd5150f6d,,,
658b77f805022c3cd5150f6e,,,
658b77f805022c3cd5150f6f,,,
658b77f805022c3cd5150f70,,,
658b77f805022c3cd5150f71,,,
658b77f805022c3cd5150f72,,,
658b77f805022c3cd5150f73,,,
658b77f805022c3cd5150f74,,,
658b77f805022c3cd5150f75,,,
658b77f805022c3cd5150f76,,,
658b77f805022c3cd5150f77,,,
658b77f805022c3cd5150f78,,,
658b77f805022c3cd5150f79,,,
658b77f805022c3cd5150f7a,,,
658b77f805022c3cd5150f7b,,,
658b77f805022c3cd5150f7c,,,
658b77f805022c3cd5150f7d,,,
658b77f805022c3cd5150f7e,,,
658b77f805022c3cd5150f7f,,,
658b77f805022c3cd5150f80,,,
658b77f805022c3cd5150f81,,,
658b77f805022c3cd5150f82,,,
658b77f805022c3cd5150f83,,,
658b77f805022c3cd5150f84,,,
658b77f805022c3cd5150f85,,,
658b77f805022c3cd5150f86,,,
658b77f805022c3cd5150f87,,,
658b77f905022c3cd5150f88,,,
658b77f905022c3cd5150f89,,,
658b77f905022c3cd5150f8a,,,
658b77f905022c3cd5150f8b,,,
658b77f905022c3cd5150f8c,,,
658b77f905022c3cd5150f8d,,,
658b77f905022c3cd5150f8e,,,
658b77f905022c3cd5150f8f,,,
658b77f905022c3cd5150f90,,,
658b77f905022c3cd5150f91,,,
658b77f905022c3cd5150f92,,,
658b77f905022c3cd5150f93,,,
658b77f905022c3cd5150f94,,,
658b77f905022c3cd5150f95,,,
658b77f905022c3cd5150f96,,,
658b77f905022c3cd5150f97,,,
658b77f905022c3cd5150f98,,,
658b77f905022c3cd5150f99,,,
658b77f905022c3cd5150f9a,,,
658b77f905022c3cd5150f9b,,,
658b77f905022c3cd5150f9c,,,
658b77f905022c3cd5150f9d,,,
658b77f905022c3cd5150f9e,,,
658b77f905022c3cd5150f9f,,,
658b77f905022c3cd5150fa0,,,
658b77f905022c3cd5150fa1,,,
658b77f905022c3cd5150fa2,,,
658b77f905022c3cd5150fa3,,,
658b77f905022c3cd5150fa4,,,
658b77f905022c3cd5150fa5,,,
658b77f905022c3cd5150fa6,,,
658b77f905022c3cd5150fa7,,,
658b77f905022c3cd5150fa8,,,
658b77f905022c3cd5150fa9,,,
658b77f905022c3cd5150faa,,,
658b77f905022c3cd5150fab,,,
658b77f905022c3cd5150fac,,,
658b77f905022c3cd5150fad,,,
658b77f905022c3cd5150fae,,,
658b77f905022c3cd5150faf,,,
658b77f905022c3cd5150fb0,,,
658b77f905022c3cd5150fb1,,,
658b77f905022c3cd5150fb2,,,
658b77f905022c3cd5150fb3,,,
658b77f905022c3cd5150fb4,,,
658b77f905022c3cd5150fb5,,,
658b77f905022c3cd5150fb6,,,
658b77f905022c3cd5150fb7,,,
658b77f905022c3cd5150fb8,,,
658b77f905022c3cd5150fb9,,,
658b77f905022c3cd5150fba,,,
658b77f905022c3cd5150fbb,,,
658b77f905022c3cd5150fbc,,,
658b77f905022c3cd5150fbd,,,
658b77f905022c3cd5150fbe,,,
658b77f905022c3cd5150fbf,,,
658b77f905022c3cd5150fc0,,,
658b77f905022c3cd5150fc1,,,
658b77f905022c3cd5150fc2,,,
658b77f905022c3cd5150fc3,,,
658b77f905022c3cd5150fc4,,,
658b77f905022c3cd5150fc5,,,
658b77f905022c3cd5150fc6,,,
658b77f905022c3cd5150fc7,,,
658b77f905022c3cd5150fc8,,,
658b77f905022c3cd5150fc9,,,
658b77f905022c3cd5150fca,,,
658b77f905022c3cd5150fcb,,,
658b77f905022c3cd5150fcc,,,
658b77f905022c3cd5150fcd,,,
658b77f905022c3cd5150fce,,,
658b77f905022c3cd5150fcf,,,
658b77f905022c3cd5150fd0,,,
658b77f905022c3cd5150fd1,,,
658b77f905022c3cd5150fd2,,,
658b77f905022c3cd5150fd3,,,
658b77f905022c3cd5150fd4,,,
658b77f905022c3cd5150fd5,,,
658b77f905022c3cd5150fd6,,,
658b77f905022c3cd5150fd7,,,
658b77f905022c3cd5150fd8,,,
658b77f905022c3cd5150fd9,,,
658b77f905022c3cd5150fda,,,
658b77f905022c3cd5150fdb,,,
658b77f905022c3cd5150fdc,,,
658b77f905022c3cd5150fdd,,,
658b77f905022c3cd5150fde,,,
658b77f905022c3cd5150fdf,,,
658b77f905022c3cd5150fe0,,,
658b77f905022c3cd5150fe1,,,
658b77f905022c3cd5150fe2,,,
658b77f905022c3cd5150fe3,,,
658b77f905022c3cd5150fe4,,,
658b77f905022c3cd5150fe5,,,
658b77f905022c3cd5150fe6,,,
658b77f905022c3cd5150fe7,,,
658b77f905022c3cd5150fe8,,,
658b77f905022c3cd5150fe9,,,
658b77f905022c3cd5150fea,,,
658b77f905022c3cd5150feb,,,
658b77f905022c3cd5150fec,,,
658b77f905022c3cd5150fed,,,
658b77f905022c3cd5150fee,,,
658b77f905022c3cd5150fef,,,
658b77f905022c3cd5150ff0,,,
658b77f905022c3cd5150ff1,,,
658b77f905022c3cd5150ff2,,,
658b77f905022c3cd5150ff3,,,
658b77f905022c3cd5150ff4,,,
658b77f905022c3cd5150ff5,,,
658b77f905022c3cd5150ff6,,,
658b77f905022c3cd5150ff7,,,
658b77f905022c3cd5150ff8,,,
658b77f905022c3cd5150ff9,,,
658b77f905022c3cd5150ffa,,,
658b77f905022c3cd5150ffb,,,
658b77f905022c3cd5150ffc,,,
658b77f905022c3cd5150ffd,,,
658b77f905022c3cd5150ffe,,,
658b77f905022c3cd5150fff,,,
658b77f905022c3cd5151000,,,
658b77f905022c3cd5151001,,,
658b77f905022c3cd5151002,,,
658b77f905022c3cd5151003,,,
658b77f905022c3cd5151004,,,
658b77f905022c3cd5151005,,,
658b77f905022c3cd5151006,,,
658b77f905022c3cd5151007,,,
658b77f905022c3cd5151008,,,
658b77f905022c3cd5151009,,,
658b77f905022c3cd515100a,,,
658b77f905022c3cd515100b,,,
658b77f905022c3cd515100c,,,
658b77f905022c3cd515100d,,,
658b77f905022c3cd515100e,,,
658b77f905022c3cd515100f,,,
658b77f905022c3cd5151010,,,
658b77f905022c3cd5151011,,,
658b77f905022c3cd5151012,,,
658b77f905022c3cd5151013,,,
658b77f905022c3cd5151014,,,
658b77f905022c3cd5151015,,,
658b77f905022c3cd5151016,,,
658b77f905022c3cd5151017,,,
658b77f905022c3cd5151018,,,
658b77f905022c3cd5151019,,,
658b77f905022c3cd515101a,,,
658b77f905022c3cd515101b,,,
658b77f905022c3cd515101c,,,
658b77f905022c3cd515101d,,,
658b77f905022c3cd515101e,,,
658b77f905022c3cd515101f,,,
658b77f905022c3cd5151020,,,
658b77f905022c3cd5151021,,,
658b77f905022c3cd5151022,,,
658b77f905022c3cd5151023,,,
658b77f905022c3cd5151024,,,
658b77f905022c3cd5151025,,,
658b77f905022c3cd5151026,,,
658b77f905022c3cd5151027,,,
658b77f905022c3cd5151028,,,
658b77f905022c3cd5151029,,,
658b77f905022c3cd515102a,,,
658b77f905022c3cd515102b,,,
658b77f905022c3cd515102c,,,
658b77f905022c3cd515102d,,,
658b77f905022c3cd515102e,,,
658b77f905022c3cd515102f,,,
658b77f905022c3cd5151030,,,
658b77f905022c3cd5151031,,,
658b77f905022c3cd5151032,,,
658b77f905022c3cd5151033,,,
658b77f905022c3cd5151034,,,
658b77f905022c3cd5151035,,,
658b77f905022c3cd5151036,,,
658b77f905022c3cd5151037,,,
658b77f905022c3cd5151038,,,
658b77f905022c3cd5151039,,,
658b77f905022c3cd515103a,,,
658b77f905022c3cd515103b,,,
658b77f905022c3cd515103c,,,
658b77f905022c3cd515103d,,,
658b77f905022c3cd515103e,,,
658b77f905022c3cd515103f,,,
658b77f905022c3cd5151040,,,
658b77f905022c3cd5151041,,,
658b77f905022c3cd5151042,,,
658b77f905022c3cd5151043,,,
658b77f905022c3cd5151044,,,
658b77f905022c3cd5151045,,,
658b77f905022c3cd5151046,,,
658b77f905022c3cd5151047,,,
658b77f905022c3cd5151048,,,
658b77f905022c3cd5151049,,,
658b77f905022c3cd515104a,,,
658b77f905022c3cd515104b,,,
658b77f905022c3cd515104c,,,
658b77f905022c3cd515104d,,,
658b77f905022c3cd515104e,,,
658b77fa05022c3cd515104f,,,
658b77fa05022c3cd5151050,,,
658b77fa05022c3cd5151051,,,
658b77fa05022c3cd5151052,,,
658b77fa05022c3cd5151053,,,
658b77fa05022c3cd5151054,,,
658b77fa05022c3cd5151055,,,
658b77fa05022c3cd5151056,,,
658b77fa05022c3cd5151057,,,
658b77fa05022c3cd5151058,,,
658b77fa05022c3cd5151059,,,
658b77fa05022c3cd515105a,,,
658b77fa05022c3cd515105b,,,
658b77fa05022c3cd515105c,,,
658b77fa05022c3cd515105d,,,
658b77fa05022c3cd515105e,,,
658b77fa05022c3cd515105f,,,
658b77fa05022c3cd5151060,,,
658b77fa05022c3cd5151061,,,
658b77fa05022c3cd5151062,,,
658b77fa05022c3cd5151063,,,
658b77fa05022c3cd5151064,,,
658b77fa05022c3cd5151065,,,
658b77fa05022c3cd5151066,,,
658b77fa05022c3cd5151067,,,
658b77fa05022c3cd5151068,,,
658b77fa05022c3cd5151069,,,
658b77fa05022c3cd515106a,,,
658b77fa05022c3cd515106b,,,
658b77fa05022c3cd515106c,,,
658b77fa05022c3cd515106d,,,
658b77fa05022c3cd515106e,,,
658b77fa05022c3cd515106f,,,
658b77fa05022c3cd5151070,,,
658b77fa05022c3cd5151071,,,
658b77fa05022c3cd5151072,,,
658b77fa05022c3cd5151073,,,
658b77fa05022c3cd5151074,,,
658b77fa05022c3cd5151075,,,
658b77fa05022c3cd5151076,,,
658b77fa05022c3cd5151077,,,
658b77fa05022c3cd5151078,,,
658b77fa05022c3cd5151079,,,
658b77fa05022c3cd515107a,,,
658b77fa05022c3cd515107b,,,
658b77fa05022c3cd515107c,,,
658b77fa05022c3cd515107d,,,
658b77fa05022c3cd515107e,,,
658b77fa05022c3cd515107f,,,
658b77fa05022c3cd5151080,,,
658b77fa05022c3cd5151081,,,
658b77fa05022c3cd5151082,,,
658b77fa05022c3cd5151083,,,
658b77fa05022c3cd5151084,,,
658b77fa05022c3cd5151085,,,
658b77fa05022c3cd5151086,,,
658b77fa05022c3cd5151087,,,
658b77fa05022c3cd5151088,,,
658b77fa05022c3cd5151089,,,
658b77fa05022c3cd515108a,,,
658b77fa05022c3cd515108b,,,
658b77fa05022c3cd515108c,,,
658b77fa05022c3cd515108d,,,
658b77fa05022c3cd515108e,,,
658b77fa05022c3cd515108f,,,
658b77fa05022c3cd5151090,,,
658b77fa05022c3cd5151091,,,
658b77fa05022c3cd5151092,,,
658b77fa05022c3cd5151093,,,
